slice,topic_id,count,top_words,l1,l2,l3,label_full,core_topic,periphery_topic,heterogeneous,coverage,ring_1_count,ring_2_count,ring_3_count
2023-H1,0,760,"[""собака"", ""животное"", ""зоопарк"", ""пёс"", ""кот"", ""хозяин"", ""медведь"", ""кошка"", ""бездомный"", ""спасти""]",Общество,Животные и окружающая среда,Проблемы содержания и спасения животных,Общество -> Животные и окружающая среда -> Проблемы содержания и спасения животных,"Ядро сфокусировано на новостях о домашних и диких животных (собаки, коты, лисы, медведи) и их взаимодействии с людьми или среде обитания.","Периферия включает как истории о спасении и размещении животных (медведи в зоопарке, бездомный кот), так и новости о вредителях (нашествие шелкопряда) и общих природных явлениях (выход рек изо льда).",True,0.95,0,40,720
2023-H1,1,725,"[""градус"", ""температура"", ""погода"", ""ветер"", ""ожидаться"", ""дождь"", ""синоптик"", ""воздух"", ""температура воздух"", ""снег""]",Общество,Природные явления и климат,Прогнозы погоды и метеоусловия,Общество -> Природные явления и климат -> Прогнозы погоды и метеоусловия,"Ядро кластера посвящено ежедневным прогнозам погоды, включая температуру, осадки (снег, дождь) и ветер в конкретных городах.","Периферия обсуждает долгосрочные прогнозы, аномальные погодные явления (морозы, арктический воздух) и иногда упоминает связанные с погодой происшествия (обрушение фасада).",False,0.95,32,293,400
2023-H1,2,691,"[""путин"", ""владимир путин"", ""владимир"", ""президент"", ""послание"", ""глава государство"", ""государство"", ""президент россия"", ""федеральный собрание"", ""народ""]",Политика,Государственное управление и руководство,Заявления и послания высшего руководства,Политика -> Государственное управление и руководство -> Заявления и послания высшего руководства,"Ядро сфокусировано на прямых высказываниях президента России Владимира Путина о работе силовых структур, армии и ходе военных действий.","Периферия затрагивает предстоящие выборы и ожидания от Послания Федеральному Собранию, а также общественную поддержку решений президента.",False,1.0,61,325,305
2023-H1,3,452,"[""сызрань"", ""сызранский"", ""водитель"", ""житель"", ""нефтяник"", ""дорога"", ""свет"", ""дом"", ""отключение"", ""обесточить""]",Общество,Местные проблемы и ЖКХ,Инфраструктурные и бытовые проблемы в малом городе,Общество -> Местные проблемы и ЖКХ -> Инфраструктурные и бытовые проблемы в малом городе,Ядро сфокусировано на экстренных заседаниях властей и проблемах городской инфраструктуры в Сызрани.,"Периферия охватывает широкий спектр происшествий, бытовых отключений и ДТП, затрагивающих жителей Сызрани.",False,1.0,6,99,347
2023-H1,4,345,"[""землетрясение"", ""турция"", ""землетрясение турция"", ""завал"", ""турецкий"", ""провинция"", ""толчок"", ""сирия"", ""погибнуть"", ""число погибнуть""]",Происшествия,Стихийные бедствия и катастрофы,Сильные землетрясения,Происшествия -> Стихийные бедствия и катастрофы -> Сильные землетрясения,"Ядро сфокусировано на разрушительных последствиях и масштабах недавнего сильного землетрясения в Турции, включая число жертв и разрушения.","Периферия включает как отдаленные последствия землетрясений (например, вандализм в турецком представительстве за рубежом), так и общие сейсмологические прогнозы для других регионов.",True,0.95,104,77,164
2023-H1,5,344,"[""пожар"", ""возгорание"", ""мчс"", ""гореть"", ""площадь"", ""ликвидировать"", ""пожарный"", ""площадь пожар"", ""метр"", ""здание""]",Происшествия,Чрезвычайные ситуации и спасательные операции,Пожары и возгорания в городской среде,Происшествия -> Чрезвычайные ситуации и спасательные операции -> Пожары и возгорания в городской среде,"Ядро кластера посвящено крупным пожарам и возгораниям в зданиях и на промышленных объектах в Москве, с акцентом на работу МЧС и площадь происшествия.","Периферия включает как ликвидированные пожары в Москве (например, в здании ГУ МВД), так и инциденты за пределами Москвы (пожар на свалке в Чикаго, тушение пожара в Пушкине).",False,0.98,17,162,165
2023-H1,6,318,"[""сша"", ""новость"", ""этот час"", ""новость утро"", ""украина"", ""заявить"", ""утренний"", ""событие"", ""час"", ""мид""]",Политика,Международные отношения и Дипломатия,Заявления официальных лиц и внешнеполитические события,Политика -> Международные отношения и Дипломатия -> Заявления официальных лиц и внешнеполитические события,"Ядро сфокусировано на ежедневных утренних новостях, включающих заявления официальных лиц (МИД, ФСБ) и события, связанные с Украиной и США.","Периферия содержит общие новостные сводки дня, включая внутренние инициативы (туризм, гражданство) и локальные происшествия, но также затрагивает международные темы (Польша, КНДР).",False,0.95,118,156,44
2023-H1,7,263,"[""сво"", ""боец"", ""зона сво"", ""зона"", ""гуманитарный"", ""передовой"", ""военнослужащий"", ""ребята"", ""мобилизовать"", ""доброволец""]",Безопасность,Военная деятельность,Поддержка и обеспечение военнослужащих,Безопасность -> Военная деятельность -> Поддержка и обеспечение военнослужащих,"Ядро кластера фокусируется на личных историях, встречах родственников с мобилизованными/служащими и доставке гуманитарной помощи в зону боевых действий.","Периферия описывает более широкий спектр событий, связанных с военнослужащими, включая награждения, культурные мероприятия для войск и возвращение мобилизованных из отпуска.",False,1.0,7,85,171
2023-H1,8,246,"[""повестка"", ""призыв"", ""военкомат"", ""электронный"", ""воинский"", ""воинский учёт"", ""картапол"", ""мобилизация"", ""призывный"", ""госдума""]",Общество,Государственное регулирование,Воинский учёт и призыв,Общество -> Государственное регулирование -> Воинский учёт и призыв,"В России обсуждаются и вводятся изменения в систему воинского учёта, включая повышение призывного возраста и создание единого электронного реестра повесток.","Периферия затрагивает как российские законодательные инициативы по военному учёту, так и схожие инициативы в Украине, а также вопросы актуализации данных граждан.",False,0.95,30,92,124
2023-H1,9,239,"[""матч"", ""команда"", ""кубок"", ""клуб"", ""счёт"", ""авангард"", ""лига"", ""крыло"", ""игра"", ""зенит""]",Спорт,Командные виды спорта,Хоккейные лиги и соревнования,Спорт -> Командные виды спорта -> Хоккейные лиги и соревнования,Ядро посвящено освещению успехов и переживаний болельщиков за локальные российские хоккейные команды в рамках плей-офф ВХЛ.,"Периферия охватывает более широкий спектр новостей о российских хоккейных клубах, включая слухи о трансферах, ценах на билеты и матчи в рамках КХЛ и Кубка Гагарина.",False,0.98,2,48,189
2023-H1,10,232,"[""вода"", ""река"", ""снег"", ""лёд"", ""житель"", ""улица"", ""дорога"", ""коммунальный"", ""затопить"", ""дом""]",Общество,Жилищно-коммунальное хозяйство и благоустройство,Последствия погодных явлений и коммунальные проблемы,Общество -> Жилищно-коммунальное хозяйство и благоустройство -> Последствия погодных явлений и коммунальные проблемы,"Жители регионов сталкиваются с массовыми подтоплениями улиц и дворов из-за таяния снега, что вызывает жалобы на бездействие коммунальных служб.","Жильцы в различных регионах сталкиваются с коммунальными авариями, проблемами с отоплением, горячей водой и качеством водопроводной воды.",False,0.95,7,69,156
2023-H1,11,222,"[""умереть"", ""скончаться"", ""прощание"", ""год жизнь"", ""модельер"", ""возраст год"", ""смерть"", ""жизнь"", ""возраст"", ""актёр""]",Общество,Смертность и некрологи,Уход из жизни известных личностей,Общество -> Смертность и некрологи -> Уход из жизни известных личностей,Ядро посвящено некрологу заслуженного артиста РФ Валерия Громовикова в возрасте 77 лет.,"Периферия содержит некрологи и сообщения о кончине различных известных личностей, включая политиков, деятелей культуры и учёных, а также информацию о траурных мероприятиях.",False,1.0,1,32,189
2023-H1,12,218,"[""тело"", ""труп"", ""наслать"", ""мужчина"", ""убийство"", ""смерть"", ""обнаружить"", ""убить"", ""женщина"", ""погибший""]",Происшествия,Криминал и несчастные случаи,Смертельные инциденты и расследования,Происшествия -> Криминал и несчастные случаи -> Смертельные инциденты и расследования,"В ядре кластера преобладают сообщения об обнаружении тел, убийствах и смертях, связанных с насилием или трагическими обстоятельствами.","На периферии продолжают освещаться случаи убийств, обнаружения трупов, а также другие несчастные случаи со смертельным исходом, включая криминальные и бытовые трагедии.",False,0.95,0,17,201
2023-H1,13,197,"[""песок"", ""кремль"", ""песков"", ""дмитрий песок"", ""дмитрий песков"", ""дмитрий"", ""путин"", ""заявление"", ""урегулирование"", ""президент""]",Политика,Государственное управление и коммуникации,Заявления официальных лиц и Кремля,Политика -> Государственное управление и коммуникации -> Заявления официальных лиц и Кремля,Ядро сфокусировано на прямых ответах и комментариях пресс-секретаря президента РФ Дмитрия Пескова по вопросам безопасности и международной реакции на действия России.,"Периферия затрагивает более широкий круг тем, включая международные отношения (ОДКБ, ЕАЭС), а также общие заявления президента Путина о ходе военных действий.",False,0.95,81,66,50
2023-H1,14,195,"[""санкция"", ""санкция против"", ""пакет"", ""против"", ""пакет санкция"", ""ввести"", ""санкционный"", ""список"", ""ввести санкция"", ""евросоюз""]",Экономика,Международные экономические ограничения,Введение и обход санкций,Экономика -> Международные экономические ограничения -> Введение и обход санкций,Ядро посвящено обсуждению и введению новых пакетов санкций против России со стороны западных стран и ЕС.,"Периферия описывает конкретные меры, связанные с обходом уже действующих санкций (например, запрет доступа в порты) и введением ограничений Украиной.",False,0.95,11,70,114
2023-H1,15,194,"[""певица"", ""звезда"", ""поклонник"", ""актриса"", ""артистка"", ""супруг"", ""брак"", ""муж"", ""фанат"", ""сын""]",Культура,Жизнь и отношения знаменитостей,Личная жизнь артистов и медийных лиц,Культура -> Жизнь и отношения знаменитостей -> Личная жизнь артистов и медийных лиц,"Ядро сфокусировано на личной жизни и семейном положении известных российских и зарубежных артистов, включая их браки и супругов.","Периферия затрагивает разводы, повторные браки, а также личные драмы и скандалы, связанные с известными личностями.",False,0.95,0,49,145
2023-H1,16,192,"[""учёный"", ""организм"", ""клиника"", ""заболевание"", ""врач"", ""лечение"", ""мозг"", ""сон"", ""пациент"", ""здоровый""]",Наука,Медицина и Здоровье,Исследования заболеваний и методы лечения,Наука -> Медицина и Здоровье -> Исследования заболеваний и методы лечения,"Ядро кластера фокусируется на научных исследованиях, связывающих образ жизни (брак) и диету с риском развития заболеваний (диабет, инсульт, деменция), а также на важности качественной реабилитации пациентов.","Периферия затрагивает более широкий спектр тем, связанных со здоровьем, включая мифы о медицинских процедурах (коррекция зрения), личный опыт пациентов с онкологией и мнения врачей-косметологов о бьюти-процедурах.",True,0.95,0,16,176
2023-H1,17,185,"[""погибнуть"", ""погибший"", ""проститься"", ""сво"", ""похоронить"", ""мужество"", ""посмертно"", ""орден мужество"", ""спецоперация"", ""орден""]",Общество,Военная служба и потери,Потери среди военнослужащих в ходе СВО,Общество -> Военная служба и потери -> Потери среди военнослужащих в ходе СВО,"Ядро посвящено сообщениям о гибели конкретных военнослужащих, участвовавших в специальной военной операции (СВО), и церемониях прощания с ними.","Периферия описывает гибель мобилизованных и контрактников в ходе СВО, а также увековечивание их памяти (например, переименование улиц).",False,1.0,13,88,84
2023-H1,18,184,"[""дтп"", ""водитель"", ""авария"", ""столкнуться"", ""автомобиль"", ""пострадать"", ""легковушка"", ""произойти"", ""иномарка"", ""машина""]",Происшествия,Транспортные происшествия,Дорожно-транспортные происшествия (ДТП),Происшествия -> Транспортные происшествия -> Дорожно-транспортные происшествия (ДТП),"В ядре описываются столкновения нескольких транспортных средств, приводящие к госпитализации пострадавших.","На периферии рассматриваются различные дорожно-транспортные происшествия, включая виновников аварий и столкновения с участием мотоциклистов и грузовиков.",False,0.98,8,87,89
2023-H1,19,175,"[""франция"", ""пенсионный"", ""реформа"", ""пенсионный реформа"", ""париж"", ""макрон"", ""протест"", ""беспорядок"", ""протестовать"", ""французский""]",Политика,Внутренние реформы и протестная активность,Пенсионные реформы и массовые протесты,Политика -> Внутренние реформы и протестная активность -> Пенсионные реформы и массовые протесты,"Ядро сфокусировано на протестах и беспорядках в Париже, вызванных пенсионной реформой президента Макрона.","Периферия обсуждает продолжение реформы, падение рейтинга Макрона, а также приводит примеры протестов в других странах (Прага, Бразилия).",False,0.95,46,50,79
2023-H1,20,171,"[""взрыв"", ""газ"", ""взрыв газ"", ""дом"", ""жилой дом"", ""жилой"", ""газовый"", ""пострадать"", ""линейный"", ""произойти взрыв""]",Происшествия,Аварии и катастрофы,Взрывы бытового газа в жилых зданиях,Происшествия -> Аварии и катастрофы -> Взрывы бытового газа в жилых зданиях,"В ядре кластера сообщается о происшествиях, связанных со взрывами газовоздушной смеси в жилых домах, повлекших разрушения и пострадавших.","Периферия затрагивает последствия взрывов (выплаты семьям) и причины аварий, связанные с повреждением газопроводов или законодательными инициативами.",False,0.95,31,72,68
2023-H1,21,163,"[""тревога"", ""воздушный тревога"", ""воздушный"", ""взрыв"", ""область украина"", ""объявить"", ""харьковский"", ""днепропетровский"", ""объявить воздушный"", ""прогреметь""]",Безопасность,Военные действия и угрозы,Воздушные атаки и тревоги на территории Украины,Безопасность -> Военные действия и угрозы -> Воздушные атаки и тревоги на территории Украины,"В ядре сообщается о воздушных тревогах и взрывах в различных областях Украины, включая Одесскую и Днепропетровскую.",На периферии обсуждаются эвакуация из-за нестабильной ситуации в Харьковской области и взрывы в Луганске.,False,0.95,94,42,27
2023-H1,22,158,"[""фсб"", ""задержать"", ""теракт"", ""спецслужба"", ""фсб задержать"", ""покушение"", ""подозревать"", ""террористический"", ""сбу"", ""приднестровье""]",Безопасность,Противодействие терроризму и экстремизму,Предотвращение терактов и диверсий спецслужбами,Безопасность -> Противодействие терроризму и экстремизму -> Предотвращение терактов и диверсий спецслужбами,"ФСБ сообщает о пресечении подготовки терактов и покушений на территории России и Крыма, координируемых украинскими спецслужбами.",Сотрудники ФСБ предотвращают покушения на должностных лиц и задерживают подозреваемых в шпионаже и диверсиях на новых территориях и в приграничных регионах.,False,0.98,6,59,93
2023-H1,23,152,"[""школа"", ""подросток"", ""девочка"", ""нож"", ""школьница"", ""избить"", ""парень"", ""напасть"", ""ученик"", ""школьник""]",Общество,Правонарушения и преступность,Насилие с участием несовершеннолетних,Общество -> Правонарушения и преступность -> Насилие с участием несовершеннолетних,"Ядро описывает уголовное дело против подростков, устроивших групповое избиение.","Периферия затрагивает широкий спектр преступлений, включая изнасилование, нападения с ножом и избиения, совершенные или совершенные в отношении детей и подростков.",False,0.95,1,49,102
2023-H1,24,149,"[""эрдоган"", ""турция"", ""выборы"", ""президент турция"", ""президентский"", ""тур"", ""голос"", ""второй тур"", ""президентский выборы"", ""реджеп""]",Политика,Избирательные процессы,Президентские выборы в Турции,Политика -> Избирательные процессы -> Президентские выборы в Турции,Ядро посвящено подведению итогов и ходу второго тура президентских выборов в Турции с фокусом на Реджепа Эрдогана.,"Периферия затрагивает вопросы переноса выборов, внешнеполитические заявления Эрдогана (Сирия, АЭС) и его публичную активность.",False,0.95,53,43,53
2023-H1,25,148,"[""лукашенко"", ""белоруссия"", ""александр лукашенко"", ""президент белоруссия"", ""ядерный оружие"", ""ядерный"", ""белорусский"", ""оружие"", ""александр"", ""президент""]",Политика,Международные отношения и безопасность,Отношения России и Белоруссии и военное сотрудничество,Политика -> Международные отношения и безопасность -> Отношения России и Белоруссии и военное сотрудничество,"Ядро сфокусировано на телефонных переговорах Александра Лукашенко с Владимиром Путиным, в частности, касающихся урегулирования внутрироссийского мятежа ЧВК «Вагнер».","Периферия освещает рабочие визиты Лукашенко в Москву, заявления о ситуации на Украине и прибытие российских войск в Белоруссию в рамках ротации.",False,0.95,30,71,47
2023-H1,26,147,"[""взятка"", ""суд"", ""размер"", ""получение"", ""крупный размер"", ""бывший"", ""дело"", ""особо крупный"", ""уголовный дело"", ""приговор""]",Общество,Коррупция и правонарушения,Уголовные дела о взяточничестве и злоупотреблении полномочиями,Общество -> Коррупция и правонарушения -> Уголовные дела о взяточничестве и злоупотреблении полномочиями,Ядро кластера посвящено задержаниям и обвинениям бывших чиновников во взяточничестве в особо крупном размере.,"Периферия затрагивает более широкий спектр уголовных дел, включая хищения и превышение полномочий, но с сохранением темы приговоров бывшим должностным лицам.",False,0.95,3,36,108
2023-H1,27,142,"[""гэс"", ""каховский"", ""каховский гэс"", ""херсонский область"", ""херсонский"", ""разрушение"", ""вода"", ""каховка"", ""новый каховка"", ""сальдо""]",Происшествия,Чрезвычайные ситуации и катастрофы,Разрушение гидротехнических сооружений и наводнения,Происшествия -> Чрезвычайные ситуации и катастрофы -> Разрушение гидротехнических сооружений и наводнения,"Ядро сфокусировано на немедленных последствиях прорыва дамбы Каховской ГЭС, включая введение режима ЧС и эвакуацию населения из-за подъема уровня воды.","Периферия затрагивает сопутствующие гуманитарные и административные вопросы в пострадавшем регионе, такие как обеспечение медикаментами и выдача паспортов.",True,0.95,50,57,35
2023-H1,28,139,"[""танк"", ""leopard"", ""танк leopard"", ""германия"", ""украина"", ""немецкий"", ""украина танк"", ""поставка"", ""передать"", ""польша""]",Безопасность,Военно-техническое сотрудничество,Поставки западной бронетехники,Безопасность -> Военно-техническое сотрудничество -> Поставки западной бронетехники,Ядро сфокусировано на заявлениях и планах Германии по поставкам танков Leopard Украине.,"Периферия затрагивает обсуждение поставок различного вооружения (танки, истребители) Украине от западных стран, включая Великобританию и Словакию.",False,0.95,41,55,43
2023-H1,29,136,"[""уничтожить"", ""направление"", ""всу"", ""сутки"", ""купянск"", ""донецкий"", ""днр"", ""склад боеприпас"", ""склад"", ""гаубица""]",Безопасность,Военные действия,Сводки о ходе боевых действий,Безопасность -> Военные действия -> Сводки о ходе боевых действий,"Ядро документов фокусируется на отчетах Минобороны РФ об уничтожении объектов и позиций ВСУ на различных направлениях фронта, включая Купянское и Донецкое.","Периферия содержит как продолжение военных сводок (сбитый истребитель, заявления о боеприпасах), так и сопутствующие темы, такие как выдача дипломов в новых регионах.",False,0.95,80,29,27
2023-H1,30,133,"[""предложить новость"", ""предложить"", ""новость"", ""могоча"", ""браться"", ""новость новый"", ""кинофестиваль"", ""кончиться"", ""концессия"", ""всё равно""]",Общество,СМИ и Коммуникации,Приём новостей и обратной связи,Общество -> СМИ и Коммуникации -> Приём новостей и обратной связи,Ядро кластера состоит из прямых призывов или инструкций к пользователям по предложению новостей.,"Периферия включает примеры новостей, которые были предложены, затрагивая темы увольнений главврачей и проблем в образовании.",False,0.95,94,9,30
2023-H1,31,129,"[""дтп"", ""водитель"", ""погибнуть"", ""авария"", ""трасса"", ""смертельный"", ""смертельный дтп"", ""грузовик"", ""легковушка"", ""автомобиль""]",Общество,Происшествия на транспорте,Смертельные дорожно-транспортные происшествия,Общество -> Происшествия на транспорте -> Смертельные дорожно-транспортные происшествия,"Ядро кластера посвящено смертельным ДТП на федеральных трассах с участием легковых и грузовых автомобилей, повлекшим гибель людей.","Периферия включает более широкий спектр транспортных происшествий, включая ДТП с участием мотоциклистов и наезды грузового транспорта на пешеходов, а также юридические последствия аварий.",False,0.95,12,82,35
2023-H1,32,126,"[""роскосмос"", ""корабль"", ""космонавт"", ""космический"", ""мкс"", ""орбита"", ""петелин"", ""космос"", ""дмитрий петелин"", ""кикина""]",Наука,Космические исследования,Пилотируемые полёты и станции,Наука -> Космические исследования -> Пилотируемые полёты и станции,Обеспечение безопасности возвращения экипажа Международной космической станции на Землю в случае аварии.,"Сообщения о запуске ракет и наблюдении космических явлений, а также о работе космонавтов на орбите.",False,0.98,1,32,93
2023-H1,33,121,"[""гладков"", ""белгородский"", ""белгородский область"", ""обстрел"", ""вячеслав гладков"", ""шебекино"", ""вячеслав"", ""снаряд"", ""округ"", ""губернатор""]",Безопасность,Чрезвычайные ситуации и происшествия,Обстрелы и диверсии в приграничных регионах,Безопасность -> Чрезвычайные ситуации и происшествия -> Обстрелы и диверсии в приграничных регионах,"Ядро кластера посвящено сообщениям губернатора Вячеслава Гладкова о жертвах и пострадавших в результате обстрелов населенных пунктов Белгородской области, таких как Шебекино и Валуйки.","Периферия описывает меры, принимаемые властями в ответ на инциденты, включая усиление контроля на въезде, закрытие населенных пунктов и эвакуацию жителей из пострадавших районов.",False,1.0,78,33,10
2023-H1,34,121,"[""компания"", ""бренд"", ""сделка"", ""бизнес"", ""производитель"", ""продажа"", ""российский рынок"", ""group"", ""рынок"", ""актив""]",Экономика,Корпоративные изменения и рынки,Сделки и уход иностранных компаний,Экономика -> Корпоративные изменения и рынки -> Сделки и уход иностранных компаний,Ядро фокусируется на процессе продажи или передачи активов крупными иностранными производителями и брендами на российском рынке.,"Периферия описывает конкретные примеры одобренных сделок по продаже российского бизнеса (например, шинного или IT-сегмента) и окончательный уход иностранных компаний с российского рынка.",False,0.95,0,29,92
2023-H1,35,120,"[""выборы"", ""край"", ""пост"", ""должность"", ""глава"", ""губернатор"", ""забайкалье"", ""заместитель"", ""отставка"", ""мэр""]",Политика,Государственное управление,Кадровые перестановки в региональной власти,Политика -> Государственное управление -> Кадровые перестановки в региональной власти,"Ядро кластера фокусируется на смене руководящих постов (губернатор, мэр, заместитель) и кадровых назначениях в региональных администрациях.","Периферия затрагивает общие проблемы регионального управления, такие как распределение бюджета, скандалы в строительстве и общие меры правительства Забайкальского края.",False,0.95,0,12,108
2023-H1,36,120,"[""донецк"", ""обстрел"", ""обстрелять"", ""погибнуть"", ""днр"", ""представительство"", ""ракета"", ""петровский"", ""всу"", ""сторона всу""]",Безопасность,Вооружённые конфликты,Обстрелы и жертвы среди гражданского населения,Безопасность -> Вооружённые конфликты -> Обстрелы и жертвы среди гражданского населения,Ядро сфокусировано на ежедневных обстрелах Донецка и ДНР с указанием количества выпущенных снарядов и пострадавших объектов.,"Периферия описывает случаи гибели и ранений мирных жителей в результате ударов по населенным пунктам в Донецкой области и других регионах, затронутых конфликтом.",False,1.0,42,53,25
2023-H1,37,118,"[""день"", ""календарь"", ""примета"", ""народный"", ""предок"", ""урожай"", ""друг"", ""погода"", ""день день"", ""добрый утро""]",Общество,Традиции и быт,Народный календарь и приметы,Общество -> Традиции и быт -> Народный календарь и приметы,"Ядро посвящено поздравлениям с добрым утром и описанию примет и традиций, связанных с конкретными датами в народном календаре.","Периферия также обсуждает народный календарь, приметы, православные праздники (например, Прощеное воскресенье) и связанные с датами поверья.",False,0.95,7,40,71
2023-H1,38,115,"[""нефть"", ""цена"", ""газ"", ""российский нефть"", ""потолок"", ""баррель"", ""потолок цена"", ""нефтепродукт"", ""добыча"", ""европа""]",Экономика,Сырьевые рынки и торговля,Регулирование цен на энергоносители,Экономика -> Сырьевые рынки и торговля -> Регулирование цен на энергоносители,"Ядро сфокусировано на механизмах ценового потолка, установленного Западом на российскую нефть и нефтепродукты, и его фактической эффективности.",Периферия обсуждает изменение структуры поставок нефти в Европу и долгосрочные запасы ресурсов в России.,False,0.95,12,53,50
2023-H1,39,113,"[""концерт"", ""назаров"", ""артист"", ""меладзе"", ""спектакль"", ""отменить"", ""актёр"", ""васильев"", ""певец"", ""театр""]",Культура,Деятельность и статус деятелей искусства,Отмена и общественная реакция на высказывания артистов,Культура -> Деятельность и статус деятелей искусства -> Отмена и общественная реакция на высказывания артистов,Ядро сфокусировано на скандалах и призывах к бойкоту концертов Валерия Меладзе из-за его политических высказываний.,"Периферия расширяется до отмены выступлений других артистов (Арбенина, Назаров) и инцидентов на концертах или в театрах, связанных с их позицией или поведением.",False,1.0,2,18,93
2023-H1,40,110,"[""пропасть"", ""поиск"", ""местонахождение"", ""волонтёр"", ""поисковый"", ""одетый"", ""искать"", ""отряд"", ""уйти"", ""мальчик""]",Общество,Происшествия и чрезвычайные ситуации,Поиск пропавших людей,Общество -> Происшествия и чрезвычайные ситуации -> Поиск пропавших людей,"В ядре кластера сообщается о начале поисков взрослого мужчины, ушедшего из дома.","Периферия содержит информацию о прекращении поисков пропавших, а также о нахождении пропавших людей с помощью уличных камер.",False,1.0,1,44,65
2023-H1,41,109,"[""артёмовск"", ""бахмут"", ""пушилин"", ""глава днр"", ""вагнер"", ""врио глава"", ""днр"", ""денис пушилин"", ""врио"", ""артёмовский""]",Безопасность,Вооружённые конфликты,Ход боевых действий и заявления официальных лиц,Безопасность -> Вооружённые конфликты -> Ход боевых действий и заявления официальных лиц,Ядро сфокусировано на заявлениях советника врио главы ДНР и украинской стороны о критической ситуации и скором освобождении города Артемовска (Бахмута).,"Периферия затрагивает сообщения о потерях среди наемников, оборонявших окраины Артемовска, и слухи о полном взятии города ЧВК «Вагнер».",False,0.98,25,52,32
2023-H1,42,107,"[""лавров"", ""сергей лавров"", ""глава мид"", ""сергей"", ""мид"", ""оон"", ""министр иностранный"", ""иностранный дело"", ""видео тасс"", ""тасс ruptly""]",Политика,Международные отношения,Дипломатическая деятельность и заявления официальных лиц,Политика -> Международные отношения -> Дипломатическая деятельность и заявления официальных лиц,Ядро сфокусировано на пресс-конференциях и заявлениях Сергея Лаврова по итогам переговоров с главами МИД других стран.,"Периферия освещает заявления Лаврова о внешней политике России, её реакции на действия Запада и его зарубежные визиты.",False,0.95,27,54,26
2023-H1,43,105,"[""пожар"", ""лесной пожар"", ""лесной"", ""свердловский область"", ""свердловский"", ""огонь"", ""курганский"", ""курганский область"", ""тюменский"", ""гектар""]",Безопасность,Чрезвычайные ситуации,Природные пожары в регионах РФ,Безопасность -> Чрезвычайные ситуации -> Природные пожары в регионах РФ,"В Свердловской области продолжается борьба с крупными лесными пожарами, требующая привлечения авиации и федеральных сил.","В соседних регионах (Тюменская и Курганская области) также фиксируются лесные пожары, где принимаются меры по увеличению группировки сил для их тушения.",False,0.95,25,46,34
2023-H1,44,105,"[""выплата"", ""пенсия"", ""пособие"", ""материнский"", ""материнский капитал"", ""капитал"", ""социальный"", ""ребёнок"", ""пенсионер"", ""ребёнок год""]",Общество,Социальное обеспечение и поддержка,Государственные выплаты и пособия населению,Общество -> Социальное обеспечение и поддержка -> Государственные выплаты и пособия населению,"Ядро сфокусировано на анонсах и изменениях в социальных выплатах, включая пенсии и материнский капитал, в начале нового года.","Периферия затрагивает повышение пенсий, введение новых социальных налоговых вычетов и предложения по сертификатам на покупку автомобилей для семей с детьми.",False,0.99,13,36,56
2023-H1,45,104,"[""посольство"", ""дипломат"", ""мид"", ""польша"", ""молдавия"", ""генконсульство"", ""дипломатический"", ""варшава"", ""российский дипломат"", ""посол""]",Политика,Международные отношения,Дипломатические отношения и конфликты,Политика -> Международные отношения -> Дипломатические отношения и конфликты,"Ядро посвящено высылке российских дипломатов и ответным мерам со стороны стран Европы (Норвегия, Швеция, Польша).","Периферия описывает инциденты с российскими дипломатами и представительствами в Молдавии, Австралии и Эстонии, а также денонсацию соглашений.",False,0.95,5,39,60
2023-H1,46,102,"[""спортсмен"", ""олимпийский"", ""соревнование"", ""международный"", ""нейтральный"", ""федерация"", ""турнир"", ""спорт"", ""допуск"", ""флаг""]",Спорт,Международные соревнования и допуски,Участие российских спортсменов в нейтральном статусе,Спорт -> Международные соревнования и допуски -> Участие российских спортсменов в нейтральном статусе,Ядро документов посвящено рекомендациям МОК о допуске российских спортсменов к международным соревнованиям в нейтральном статусе при условии отсутствия поддержки СВО.,"Периферия затрагивает конкретные случаи допуска/недопуска спортсменов (фехтование, плавание) и отмены матчей (футбол) на фоне общих требований по политическим заявлениям.",False,0.95,9,45,48
2023-H1,47,101,"[""самолёт"", ""посадка"", ""рейс"", ""аэропорт"", ""пассажир"", ""борт"", ""авиакомпания"", ""лететь"", ""приземлиться"", ""вылет""]",Общество,Происшествия на транспорте,Авиационные инциденты и сбои в работе,Общество -> Происшествия на транспорте -> Авиационные инциденты и сбои в работе,Ядро посвящено проверкам и экстренным посадкам пассажирских самолетов из-за технических неисправностей или инцидентов.,"Периферия описывает задержки рейсов из-за погодных условий, а также технические поломки и инциденты на борту во время полета.",False,1.0,9,56,36
2023-H1,48,100,"[""сидр"", ""отравление"", ""отравиться"", ""мистер сидр"", ""мистер"", ""напиток"", ""ульяновский"", ""суррогатный"", ""ульяновский область"", ""изъять""]",Общество,Чрезвычайные ситуации и происшествия,Массовые отравления суррогатными напитками,Общество -> Чрезвычайные ситуации и происшествия -> Массовые отравления суррогатными напитками,"Ядро кластера сфокусировано на массовом отравлении и смертях, вызванных употреблением суррогатного сидра под маркой «Мистер Сидр» в нескольких регионах России.","Периферия расширяет тему до других видов отравлений (пищевых, БАДами) и последствий инцидента с сидром, включая увольнения сотрудников МВД.",False,1.0,27,33,40
2023-H1,49,100,"[""победа"", ""сталинградский"", ""курган"", ""мамаев"", ""волгоград"", ""сталинградский битва"", ""парад"", ""битва"", ""великий"", ""парад победа""]",Общество,Памятные даты и мероприятия,Празднование Дня Победы и историческая память,Общество -> Памятные даты и мероприятия -> Празднование Дня Победы и историческая память,"В ядре кластера обсуждаются локальные патриотические акции, репетиции парадов и подготовка Волгограда к годовщине Сталинградской битвы.","Периферия затрагивает связанные события, такие как реставрация музейных экспозиций, участие делегаций и общие мероприятия, связанные с памятью о Сталинградской победе.",False,0.95,17,41,42
2023-H1,50,100,"[""корь"", ""роспотребнадзор"", ""заболеваемость"", ""грипп"", ""заболевание"", ""заболеть"", ""орви"", ""коронавирус"", ""привить"", ""инфекция""]",Общество,Здравоохранение и эпидемиология,Распространение инфекционных заболеваний и вакцинация,Общество -> Здравоохранение и эпидемиология -> Распространение инфекционных заболеваний и вакцинация,"Ядро сфокусировано на напряженной ситуации с заболеваемостью корью в России и необходимости вакцинации, о чем заявляет Роспотребнадзор.","Периферия затрагивает обнаружение новых штаммов коронавируса, а также общую заболеваемость ОРВИ и гриппом в регионах, включая случаи сибирской язвы.",True,0.95,9,32,59
2023-H1,51,99,"[""цзиньпин"", ""кнр"", ""председатель кнр"", ""кнр цзиньпин"", ""китай"", ""председатель"", ""визит"", ""путин"", ""пекин"", ""китайский""]",Политика,Международные отношения,Отношения России и Китая,Политика -> Международные отношения -> Отношения России и Китая,Ядро сфокусировано на поздравлении и предстоящем визите Председателя КНР Си Цзиньпина в Россию для обсуждения двусторонних отношений с Президентом РФ.,"Периферия затрагивает анонсы визитов, переизбрание Си Цзиньпина на третий срок и реакцию Запада на визит.",False,0.98,49,27,23
2023-H1,52,96,"[""лавр"", ""упц"", ""церковь"", ""православный"", ""православный церковь"", ""монах"", ""митрополит"", ""храм"", ""павел"", ""монастырь""]",Общество,Религиозные организации и конфликты,Противостояние вокруг православных святынь,Общество -> Религиозные организации и конфликты -> Противостояние вокруг православных святынь,Ядро сфокусировано на конфликте вокруг выселения наместника Киево-Печерской лавры митрополита Павла и представителей УПЦ из монастыря.,"Периферия описывает последствия конфликта, включая молитвы верующих у стен храма и законодательные инициативы по запрету УПЦ.",False,0.95,24,34,38
2023-H1,53,94,"[""доллар"", ""валюта"", ""курс"", ""евро"", ""курс доллар"", ""рубль"", ""юань"", ""руб"", ""торг"", ""валютный""]",Экономика,Финансовые рынки и валютный обмен,Динамика курсов валют и торгов,Экономика -> Финансовые рынки и валютный обмен -> Динамика курсов валют и торгов,Ядро документов фокусируется на ежедневных колебаниях курсов рубля по отношению к доллару и евро на валютных торгах.,"Периферия затрагивает более широкий контекст, включая долю юаня в торгах, прогнозы Минэкономразвития по курсу и комментарии ЦБ об экспортной выручке, а также рост цен на криптовалюты.",False,1.0,42,29,23
2023-H1,54,92,"[""улица"", ""движение"", ""проспект"", ""участок"", ""перекрыть"", ""проезд"", ""движение транспорт"", ""ограничить"", ""транспорт"", ""ограничить движение""]",Общество,Транспортная инфраструктура,Ограничения и перекрытия движения,Общество -> Транспортная инфраструктура -> Ограничения и перекрытия движения,Ядро кластера посвящено временным ограничениям и перекрытиям движения транспорта в городской черте по различным причинам.,"Периферия затрагивает как локальные перекрытия из-за ремонта или аварий, так и более общие изменения режима движения на федеральных трассах.",False,0.9,28,47,17
2023-H1,55,90,"[""lada"", ""автоваз"", ""завод"", ""автомобиль"", ""модель"", ""hyundai"", ""мантур"", ""минпромторг"", ""китайский"", ""электромобиль""]",Экономика,Промышленность и производство,Автомобильная промышленность и рынок,Экономика -> Промышленность и производство -> Автомобильная промышленность и рынок,АвтоВАЗ отчитался о рекордных продажах модели Lada Granta.,"Обсуждаются проблемы с поставками и продажей автомобилей Lada, а также судьба иностранных автозаводов в России.",False,1.0,1,37,52
2023-H1,56,84,"[""противник"", ""медаль"", ""отвага"", ""герой"", ""спасти"", ""сержант"", ""боец"", ""наградить"", ""макеевка"", ""военнослужащий""]",Безопасность,Военнослужащие и награды,Героизм и награждение личного состава,Безопасность -> Военнослужащие и награды -> Героизм и награждение личного состава,Ядро посвящено конкретным примерам героизма и спасения сослуживцев военнослужащими в ходе боевых действий.,"Периферия описывает награждение медалями как военнослужащих за участие в СВО, так и гражданских лиц (детей) за проявление отваги.",True,0.95,16,35,33
2023-H1,57,84,"[""режим"", ""вагнер"", ""воронежский область"", ""корреспондент"", ""ростовский"", ""воронежский"", ""ростовский область"", ""ростов"", ""контртеррористический операция"", ""контртеррористический""]",Безопасность,Внутренние инциденты и операции,Режим контртеррористической операции и военные перемещения,Безопасность -> Внутренние инциденты и операции -> Режим контртеррористической операции и военные перемещения,"Ядро описывает освещение корреспондентами событий в Ростове-на-Дону, связанных с присутствием и контролем штаба ЮВО силами ЧВК ""Вагнер"".",Периферия фокусируется на введении режима КТО в ряде регионов (включая Московскую и Воронежскую области) и общей обстановке спокойствия в Воронеже.,False,0.9,7,30,47
2023-H1,58,84,"[""знак"", ""апрель апрель"", ""весы"", ""дева"", ""ваш"", ""рыба"", ""лев"", ""апрель"", ""рак"", ""жизнь""]",Общество,Эзотерика и верования,Гороскопы и предсказания,Общество -> Эзотерика и верования -> Гороскопы и предсказания,"Ядро кластера сосредоточено на личных рекомендациях и прогнозах для конкретных знаков Зодиака, особенно касающихся финансов и отдыха в апреле.","Периферия расширяет тему, включая общие предсказания удачи для знаков Зодиака и мнения экспертов о судьбе.",False,0.82,22,32,30
2023-H1,59,81,"[""медведев"", ""дмитрий медведев"", ""дмитрий"", ""совбез"", ""зампред"", ""ядерный"", ""телеграмма"", ""сталин"", ""совет безопасность"", ""украина""]",Политика,Государственное управление и безопасность,Заявления высокопоставленных чиновников по вопросам обороны и внешней политики,Политика -> Государственное управление и безопасность -> Заявления высокопоставленных чиновников по вопросам обороны и внешней политики,"Дмитрий Медведев активно комментирует ход и последствия переговоров с Украиной, а также призывает к жестким мерам против украинских диверсантов.","Периферия затрагивает оценку роли Медведева в политическом поле, его визиты и комментарии Пескова о его стиле общения, включая отсылки к Сталину.",False,0.93,25,49,7
2023-H1,60,81,"[""иноагент"", ""признать иноагент"", ""гершкович"", ""ройзмана"", ""признать"", ""заочно"", ""фейк"", ""колония"", ""год колония"", ""эван""]",Политика,Правовые ограничения и преследование,Применение статуса «иностранный агент» и уголовное преследование за высказывания,Политика -> Правовые ограничения и преследование -> Применение статуса «иностранный агент» и уголовное преследование за высказывания,"Ядро сфокусировано на заочных арестах и обвинениях против журналистов и блогеров, которым вменяется распространение ложной информации и которые признаны иноагентами.","Периферия описывает приговоры к длительным срокам колонии за госизмену и фейки об армии, а также розыск и помещение под арест лиц, признанных иноагентами.",False,0.95,8,31,42
2023-H1,61,77,"[""зарплата"", ""средний"", ""тысяча рубль"", ""вакансия"", ""тысяча"", ""рубль"", ""рубль месяц"", ""тыс рубль"", ""месяц"", ""заработный плата""]",Экономика,Рынок труда и занятость,Динамика заработных плат и вакансий,Экономика -> Рынок труда и занятость -> Динамика заработных плат и вакансий,Ядро кластера фокусируется на анализе и сравнении средних зарплатных ожиданий и предложений в различных городах России.,"Периферия затрагивает более широкий спектр тем, связанных с занятостью, включая спрос на IT-специалистов, количество вакансий на производстве и уровень зарплат в малых городах, а также социологические опросы о работе.",False,0.98,6,35,36
2023-H1,62,76,"[""кадыров"", ""пригожина"", ""чвк"", ""вагнер"", ""рамзан"", ""рамзан кадыров"", ""чвк вагнер"", ""чечня"", ""евгений пригожина"", ""глава чечня""]",Безопасность,Вооружённые формирования и частные военные компании,Взаимодействие и конфликты между лидерами силовых структур,Безопасность -> Вооружённые формирования и частные военные компании -> Взаимодействие и конфликты между лидерами силовых структур,"Ядро сфокусировано на публичном противостоянии между Кадыровым и Пригожиным, а также планах Кадырова создать собственную ЧВК.","Периферия затрагивает более широкий спектр тем, включая заявления Пригожина о политических амбициях, вербовку в США и инциденты с другими командирами, такими как Алаудинов.",True,0.95,2,42,32
2023-H1,63,74,"[""мошенник"", ""пенсионер"", ""пенсионерка"", ""деньга"", ""курьер"", ""пожилой"", ""перевести"", ""представиться"", ""рубль"", ""аферист""]",Общество,Финансовое мошенничество,Телефонное и интернет-мошенничество против пожилых граждан,Общество -> Финансовое мошенничество -> Телефонное и интернет-мошенничество против пожилых граждан,"Ядро посвящено случаям хищения крупных сумм денег у пенсионеров посредством телефонного мошенничества, часто с использованием схем, имитирующих сотрудников банков или правоохранительных органов.","Периферия описывает более широкий спектр мошеннических действий, включая случаи, когда жертвы сами переводят деньги мошенникам, а также инциденты, связанные с попытками продажи чужого имущества или вербовкой на СВО.",True,0.95,17,34,23
2023-H1,64,74,"[""петербург"", ""петербуржец"", ""топ"", ""беглов"", ""александр беглов"", ""дайджест"", ""последний новость"", ""новость утро"", ""подписываться главное"", ""петербургский""]",Региональные новости,Городское управление и инфраструктура,Новости Санкт-Петербурга,Региональные новости -> Городское управление и инфраструктура -> Новости Санкт-Петербурга,"Ядро сфокусировано на анонсах транспортных работ, развитии инфраструктуры и заявлениях губернатора Александра Беглова в Санкт-Петербурге.","Периферия затрагивает исторические аспекты управления городом, открытие социальных объектов (МФЦ) и кадровые перестановки в администрации.",False,0.9,47,17,10
2023-H1,65,72,"[""чита"", ""московский комсомолец"", ""комсомолец чита"", ""комсомолец"", ""московский"", ""площадь ленин"", ""ленин"", ""забайкалье"", ""площадь"", ""новость фото""]",Общество,Городские события и мероприятия,Региональные общественные события в Забайкалье,Общество -> Городские события и мероприятия -> Региональные общественные события в Забайкалье,"В ядре кластера освещаются массовые мероприятия (концерты, развертывание флага) на площади Ленина в Чите, освещаемые местным изданием «Московский комсомолец в Чите».","Периферия включает разнообразные местные события в Чите, такие как спортивные турниры (ММА), культурные акции (диктант) и религиозные шествия.",False,0.95,10,29,33
2023-H1,66,70,"[""жильё"", ""квартира"", ""новостройка"", ""цена"", ""аренда"", ""недвижимость"", ""тыс"", ""вторичный"", ""стоимость"", ""спрос""]",Экономика,Рынок недвижимости и жилья,"Динамика цен, спроса и предложения на жильё","Экономика -> Рынок недвижимости и жилья -> Динамика цен, спроса и предложения на жильё",Ядро сфокусировано на росте цен на первичное жильё и попытках собственников сдать комнаты для дополнительного дохода на фоне сокращения продаж новостроек.,"Периферия затрагивает снижение арендных ставок в отдельных городах, изменение престижности районов и сроки накопления на покупку жилья.",False,1.0,7,35,28
2023-H1,67,70,"[""коронавирус"", ""выявить"", ""выявить случай"", ""случай заражение"", ""заражение"", ""сутки"", ""новый случай"", ""заболеть"", ""случай"", ""летальный""]",Общество,Здравоохранение и эпидемиология,Статистика заболеваемости инфекционными болезнями,Общество -> Здравоохранение и эпидемиология -> Статистика заболеваемости инфекционными болезнями,"Ежедневная сводка по новым случаям заражения коронавирусом, госпитализациям и летальным исходам в России.",Сравнение заболеваемости коронавирусом в регионах и упоминание летальных случаев в контексте общей статистики.,False,0.9,39,12,19
2023-H1,68,70,"[""блиновский"", ""налог"", ""блогер"", ""неуплата"", ""елена"", ""уплата налог"", ""марафон"", ""арест"", ""уплата"", ""уклонение""]",Экономика,Финансовые преступления,Уклонение от уплаты налогов знаменитостями,Экономика -> Финансовые преступления -> Уклонение от уплаты налогов знаменитостями,Ядро сфокусировано на уголовном преследовании блогера Елены Блиновской и её мужа за уклонение от уплаты налогов и отмывание денег.,"Периферия описывает процессуальные действия (допрос мужа, публикация видео СК) и общие комментарии ФНС о проверках блогеров.",False,0.95,26,27,17
2023-H1,69,70,"[""татарский"", ""владлен"", ""владлен татарский"", ""дарья"", ""военкор"", ""статуэтка"", ""кафе"", ""военкор владлен"", ""взрыв"", ""погибнуть военкор""]",Происшествия,Террористические акты и их последствия,Убийство известного военного корреспондента,Происшествия -> Террористические акты и их последствия -> Убийство известного военного корреспондента,"Ядро сфокусировано на теракте против военкора Владлена Татарского, произошедшем в результате взрыва статуэтки на его творческой встрече в кафе, и задержании Дарьи Треповой.","Периферия затрагивает судебное преследование Дарьи Треповой и Дмитрия Касинцева, а также второстепенные события, произошедшие в том же кафе.",False,0.95,19,28,23
2023-H1,70,69,"[""северный поток"", ""поток"", ""северный"", ""хёрш"", ""газопровод"", ""сеймур"", ""диверсия"", ""расследование"", ""подрыв"", ""газопровод северный""]",Происшествия,Инфраструктурные диверсии,Подрыв магистральных газопроводов,Происшествия -> Инфраструктурные диверсии -> Подрыв магистральных газопроводов,Ядро сфокусировано на обвинениях США в организации диверсии на газопроводах «Северный поток» и реакции на расследования Сеймура Херша.,"Периферия обсуждает ход официальных расследований в Европе (Германия, Швеция) и возможные экологические последствия теракта.",False,1.0,24,30,15
2023-H1,71,68,"[""ооо"", ""арбитражный"", ""волгоград"", ""суд"", ""иск"", ""контракт"", ""долг"", ""волгоградский"", ""компания"", ""договор""]",Экономика,Судебные и арбитражные разбирательства,Взыскание долгов и оспаривание контрактов,Экономика -> Судебные и арбитражные разбирательства -> Взыскание долгов и оспаривание контрактов,"Ядро кластера сосредоточено на судебных разбирательствах, связанных с взысканием задолженностей и оспариванием действий надзорных органов в отношении компаний в Волгоградской области.","Периферия затрагивает расторжение государственных контрактов, оспаривание решений судов по подрядчикам и локальные общественные протесты, связанные с землепользованием.",False,0.95,2,24,42
2023-H1,72,68,"[""магазин"", ""ikea"", ""открыться"", ""бренд"", ""торговый"", ""мег"", ""торговый центр"", ""шведский"", ""товар"", ""аналог""]",Экономика,Розничная торговля и бизнес,Уход иностранных брендов и появление аналогов,Экономика -> Розничная торговля и бизнес -> Уход иностранных брендов и появление аналогов,"В России открываются магазины-аналоги шведского бренда IKEA, в частности, белорусская компания Swed House.","В периферии обсуждаются сделки по покупке российских ритейлеров другими крупными игроками и логистические/сырьевые вопросы, связанные с ушедшими компаниями.",True,0.9,11,30,27
2023-H1,73,66,"[""сербия"", ""вучича"", ""косово"", ""сербский"", ""белград"", ""серб"", ""нато"", ""президент"", ""север"", ""обострение""]",Политика,Международные отношения и конфликты,Балканский геополитический контекст,Политика -> Международные отношения и конфликты -> Балканский геополитический контекст,"Ядро сфокусировано на заявлениях президента Сербии Александра Вучича, отказе KFOR ввести сербские силы в Косово и внутренней политической напряженности в Белграде.",Периферия затрагивает позицию Сербии по членству Косово в международных организациях и заявления лидеров Республики Сербской (Босния и Герцеговина) о независимости и внутренней политике.,False,0.95,15,32,19
2023-H1,74,66,"[""севастополь"", ""сбить"", ""беспилотник"", ""пво"", ""аксёнов"", ""крым"", ""глава крым"", ""сила пво"", ""бпнуть"", ""пво сбить""]",Безопасность,Военные инциденты и оборона,Работа систем ПВО и отражение атак БПЛА,Безопасность -> Военные инциденты и оборона -> Работа систем ПВО и отражение атак БПЛА,Ядро кластера посвящено успешному отражению атак беспилотников силами ПВО и Черноморского флота в Севастополе и Крыму.,"Периферия описывает последствия атак (пожары, отключение света) и сопутствующие события (тренировки, плановые работы), связанные с военной активностью в регионе.",False,0.95,38,18,10
2023-H1,75,65,"[""самарский область"", ""самарский"", ""житель самарский"", ""область"", ""ковид"", ""житель"", ""повышенный"", ""область начать"", ""младенец"", ""умирать""]",Общество,Региональные новости и происшествия,События в Самарской области,Общество -> Региональные новости и происшествия -> События в Самарской области,В Самарской области объявлено штормовое предупреждение и повышенный уровень опасности.,"Периферия затрагивает социальные вопросы региона, такие как отключение газа, детские путевки и армейский призыв.",True,0.95,12,25,28
2023-H1,76,65,"[""вейп"", ""запрет"", ""госдума"", ""продажа"", ""несовершеннолетний"", ""володин"", ""сигарета"", ""депутат"", ""пол"", ""законопроект""]",Общество,Государственное регулирование потребления,Законодательные инициативы по ограничению продажи вейпов,Общество -> Государственное регулирование потребления -> Законодательные инициативы по ограничению продажи вейпов,"Ядро сфокусировано на законодательных инициативах в Госдуме по полному запрету или ужесточению правил оборота вейпов, особенно в отношении несовершеннолетних.","Периферия затрагивает более широкий спектр законодательной деятельности депутатов, включая штрафы за продажу энергетиков детям и вопросы регулирования рекламы алкоголя и табака.",False,0.95,19,20,26
2023-H1,77,65,"[""костомаров"", ""роман"", ""фигурист"", ""чемпион"", ""олимпийский"", ""источник"", ""спортсмен"", ""состояние"", ""врач"", ""ампутировать""]",Спорт,Здоровье спортсменов,Тяжёлые последствия заболеваний у фигуристов,Спорт -> Здоровье спортсменов -> Тяжёлые последствия заболеваний у фигуристов,"Состояние здоровья олимпийского чемпиона Романа Костомарова, включая причины госпитализации и необходимость ампутации конечностей из-за некроза.","Сообщения о госпитализации и состоянии здоровья других известных личностей, включая тренера по фигурному катанию и гонщика Михаэля Шумахера.",True,1.0,55,6,4
2023-H1,78,64,"[""украсть"", ""кража"", ""похитить"", ""тысяча рубль"", ""вор"", ""магазин"", ""мужчина"", ""тысяча"", ""рубль"", ""деньга""]",Происшествия,Уголовные преступления,Кражи и хищения имущества,Происшествия -> Уголовные преступления -> Кражи и хищения имущества,"Ядро кластера описывает случаи личного хищения денежных средств, совершенные мужчинами в отношении родственников или путем вооруженного ограбления магазина.","Периферия включает более широкий спектр имущественных преступлений, включая кражи из храмов, похищение товаров (обуви, мака) и кражи, совершенные сотрудниками магазинов.",False,1.0,2,24,38
2023-H1,79,63,"[""сбить"", ""водитель"", ""дтп"", ""девочка"", ""пешеходный переход"", ""пешеход"", ""больница"", ""пострадать"", ""авария"", ""переход""]",Происшествия,Дорожно-транспортные происшествия,Наезды на пешеходов,Происшествия -> Дорожно-транспортные происшествия -> Наезды на пешеходов,"Ядро кластера посвящено случаям наезда транспортных средств на пешеходов (девушек, девочек) на пешеходных переходах в Волгограде и Волжском.","Периферия расширяет тему ДТП, включая наезды на пешеходов в других городах (Екатеринбург, Новосибирск), случаи с пострадавшими детьми, а также другие виды ДТП с жертвами (маршрутка/КамАЗ, наезд скорой помощи).",False,0.9,5,27,31
2023-H1,80,63,"[""трамп"", ""обвинение"", ""дональд трамп"", ""дональд"", ""предъявление"", ""предъявить"", ""бывший президент"", ""документ"", ""суд"", ""секретный""]",Политика,Внутренняя политика и право,Судебные преследования политиков,Политика -> Внутренняя политика и право -> Судебные преследования политиков,Ядро сфокусировано на уголовном обвинении бывшего президента США Дональда Трампа по делу об обращении с секретными документами.,"Периферия затрагивает другие аспекты жизни Трампа, включая его судебные иски, предвыборные перспективы и личные заявления.",True,1.0,30,21,12
2023-H1,81,62,"[""зерновой"", ""зерновой сделка"", ""сделка"", ""продление"", ""оон"", ""удобрение"", ""экспорт"", ""черноморский"", ""продлить"", ""мид""]",Экономика,Международная торговля и логистика,Регулирование экспорта продовольствия,Экономика -> Международная торговля и логистика -> Регулирование экспорта продовольствия,Обсуждение условий и продления российским участием Черноморской зерновой инициативы при посредничестве ООН и Турции.,"Обсуждение условий выполнения российской части сделки, а также вопросов, связанных с внутренним регулированием экспорта зерна.",False,1.0,31,17,14
2023-H1,82,61,"[""меню"", ""ресторан"", ""блюдо"", ""попробовать"", ""завтрак"", ""заведение"", ""кухня"", ""десерт"", ""шоколад"", ""икра""]",Общество,Стиль жизни и досуг,Гастрономия и заведения общественного питания,Общество -> Стиль жизни и досуг -> Гастрономия и заведения общественного питания,В ядре обсуждаются открытия новых ресторанов и анонсы их обновленных меню с акцентом на конкретные блюда.,"На периферии обсуждаются открытия кафе, сравнение советской столовой с современными заведениями и обзоры отдельных ресторанов.",False,1.0,2,34,25
2023-H1,83,61,"[""чита"", ""забайкалье"", ""забайкальский"", ""новость сегодня"", ""калинин"", ""самый интересный"", ""новость самый"", ""интересный"", ""новость"", ""читинский""]",Общество,Региональные новости и события,Новости Забайкальского края и Читы,Общество -> Региональные новости и события -> Новости Забайкальского края и Читы,"Ядро кластера фокусируется на местных новостях Читы и Забайкалья, включая социальные вопросы (компенсации сиротам) и городские проблемы (транспорт, строительство).","Периферия затрагивает более широкий спектр региональных тем, включая финансирование районов, коррупционные дела и реакцию на проблемы ЖКХ со стороны федеральных чиновников.",False,0.95,21,32,8
2023-H1,84,61,"[""роль"", ""оскар"", ""фильм"", ""хороший"", ""актёр"", ""кино"", ""сериал"", ""актриса"", ""премия"", ""день рождение""]",Культура,Кино и театр,Профессиональная деятельность и юбилеи деятелей кино,Культура -> Кино и театр -> Профессиональная деятельность и юбилеи деятелей кино,"Ядро посвящено дням рождения известных западных актеров и их наградам, в частности «Оскару».","Периферия затрагивает дни рождения как советских, так и российских актеров, а также упоминает режиссеров и историю кинематографа.",False,1.0,2,31,28
2023-H1,85,60,"[""китай"", ""кнр"", ""пекин"", ""китайский"", ""цзиньпин"", ""кризис"", ""посол"", ""урегулирование"", ""кризис украина"", ""хуэй""]",Политика,Международные отношения,Позиция КНР в мировых конфликтах,Политика -> Международные отношения -> Позиция КНР в мировых конфликтах,Ядро сфокусировано на роли Китая в урегулировании кризиса на Украине и реакции Киева на посреднические усилия Пекина.,Периферия затрагивает заявления Китая по расследованию подрыва «Северных потоков» и критику визитов западных политиков в КНР.,False,0.95,24,26,10
2023-H1,86,60,"[""воробьёв"", ""школа"", ""андрей воробьёв"", ""поликлиника"", ""сад"", ""детский сад"", ""подмосковье"", ""московский область"", ""губернатор"", ""детский""]",Общество,Социальная инфраструктура и развитие территорий,Строительство и развитие социальных объектов в регионах,Общество -> Социальная инфраструктура и развитие территорий -> Строительство и развитие социальных объектов в регионах,"Губернатор Андрей Воробьёв контролирует строительство и развитие социальной инфраструктуры (школы, больницы) в Московской области.",Власти различных регионов занимаются строительством новых школ и улучшением качества жизни жителей через развитие инфраструктуры.,False,0.95,11,18,31
2023-H1,87,60,"[""мишустин"", ""самолёт"", ""михаил мишустин"", ""правительство"", ""михаил"", ""млрд"", ""госкорпорация"", ""запчасть"", ""млрд рубль"", ""санкция""]",Экономика,Государственное управление и регулирование,Финансовая и производственная политика Правительства,Экономика -> Государственное управление и регулирование -> Финансовая и производственная политика Правительства,"Михаил Мишустин отчитывается о работе правительства, включая использование средств ФНБ для поддержки производства.","Обсуждаются вопросы эксплуатации авиационной техники, включая российские и иностранные самолеты, а также разработка симуляторов.",True,0.9,5,30,25
2023-H1,88,59,"[""китай"", ""тайвань"", ""китайский"", ""сша"", ""кнр"", ""пекин"", ""шар"", ""блинкен"", ""госсекретарь"", ""вашингтон""]",Международные отношения,Дипломатические и военные инциденты,Напряженность между США и Китаем,Международные отношения -> Дипломатические и военные инциденты -> Напряженность между США и Китаем,Ядро кластера сфокусировано на инциденте с китайским аэростатом в воздушном пространстве США и реакции на него.,Периферия расширяет контекст до визитов американских политиков на Тайвань и общих заявлений США и Китая по вопросам взаимной критики и геополитического влияния.,False,0.93,13,26,20
2023-H1,89,59,"[""иноагент"", ""минюст"", ""реестр"", ""реестр иноагент"", ""иностранный агент"", ""признать иноагент"", ""признать"", ""агент"", ""варламов"", ""статус иноагент""]",Политика,Государственное регулирование и контроль,Присвоение статуса иностранного агента,Политика -> Государственное регулирование и контроль -> Присвоение статуса иностранного агента,"В ядре обсуждаются иски известных лиц (Слепаков, Варламов) к Минюсту РФ с требованием снять с них статус иноагента, а также внесение новых лиц в реестр.","На периферии рассматриваются ликвидация организаций, признанных иноагентами (например, «Сова», «Мемориал»), и составление протоколов на лиц за неуказание статуса иноагента.",False,1.0,20,24,15
2023-H1,90,58,"[""подорожать"", ""цена"", ""огурец"", ""лук"", ""продукт"", ""подешеветь"", ""овощ"", ""рост цена"", ""подорожание"", ""цена продукт""]",Экономика,Потребительские цены и инфляция,Изменение стоимости продовольственных товаров,Экономика -> Потребительские цены и инфляция -> Изменение стоимости продовольственных товаров,"Ядро кластера фокусируется на резком росте цен на отдельные виды овощей (лук, огурцы) и молочные продукты в регионах России.","Периферия затрагивает рост цен на бензин и общие еженедельные отчеты о подешевевших продуктах, включая огурцы.",False,0.95,13,25,20
2023-H1,91,58,"[""пробка"", ""затор"", ""балл"", ""шоссе"", ""улица"", ""красноармейский"", ""движение"", ""мост"", ""километр"", ""дорога""]",Общество,Транспорт и инфраструктура,Дорожное движение и заторы,Общество -> Транспорт и инфраструктура -> Дорожное движение и заторы,"Ядро описывает сильные транспортные заторы и пробки в Волгограде, оцениваемые в 8 баллов, вызванные, в том числе, ремонтом мостов.","Периферия затрагивает высокие оценки пробок в Нижнем Новгороде, упоминает аварийно-опасные участки в Ростове и проблемы с доступом к больнице в Красноармейском районе.",False,0.95,19,28,11
2023-H1,92,57,"[""рейс"", ""авиакомпания"", ""прямой"", ""перелёт"", ""прямой рейс"", ""летать"", ""аэропорт"", ""полёт"", ""быть выполняться"", ""выполняться""]",Экономика,Транспорт и логистика,Возобновление и развитие авиасообщения,Экономика -> Транспорт и логистика -> Возобновление и развитие авиасообщения,Возобновление прямых авиарейсов между Санкт-Петербургом и Шанхаем впервые с 2019 года.,Возобновление и расширение географии прямых международных и внутренних авиарейсов российских авиакомпаний в 2023 году.,False,0.95,1,38,18
2023-H1,93,57,"[""байден"", ""джо"", ""джо байден"", ""президент сша"", ""президент"", ""сша"", ""американский президент"", ""выступление"", ""сша джо"", ""американский лидер""]",Политика,Деятельность глав государств,Публичные выступления и имидж президента США,Политика -> Деятельность глав государств -> Публичные выступления и имидж президента США,"Ядро кластера фокусируется на инцидентах, связанных с замешательством, странным поведением и физическим состоянием президента США Джо Байдена во время публичных мероприятий.","Периферия затрагивает вопросы о физическом состоянии Байдена (падения), его ошибках в публичных заявлениях (называя Харрис президентом) и реакции на него мировых лидеров.",False,1.0,21,26,10
2023-H1,94,57,"[""прилепин"", ""захар"", ""захар прилепин"", ""писатель"", ""нижегородский"", ""нижегородский область"", ""покушение"", ""взрыв"", ""автомобиль"", ""подрыв""]",Происшествия,Нападения и покушения,Покушение на общественную фигуру,Происшествия -> Нападения и покушения -> Покушение на общественную фигуру,Ядро сфокусировано на факте выживания писателя Захара Прилепина после покушения и его медицинском состоянии.,"Периферия затрагивает квалификацию дела как теракта, признание подозреваемого в работе на украинские спецслужбы и сопутствующие новости о других писателях.",False,1.0,23,27,7
2023-H1,95,57,"[""рельс"", ""сойти"", ""поезд"", ""вагон"", ""грузовой"", ""крушение"", ""пассажирский"", ""столкновение"", ""произойти"", ""пассажирский поезд""]",Происшествия,Транспортные аварии,Крушения и сходы с рельсов,Происшествия -> Транспортные аварии -> Крушения и сходы с рельсов,Ядро сфокусировано на крупных международных крушениях пассажирских и грузовых поездов с большим количеством жертв.,"Периферия включает сходы вагонов, связанные с диверсиями (подрывы) в России, а также экологические последствия аварий и инциденты на других видах транспорта.",True,1.0,13,24,20
2023-H1,96,56,"[""розыгрыш"", ""победитель"", ""удача"", ""билет"", ""приз"", ""конкурс"", ""бот"", ""случайный"", ""нажать"", ""разыгрывать""]",Общество,Маркетинг и продвижение,Конкурсы и розыгрыши призов,Общество -> Маркетинг и продвижение -> Конкурсы и розыгрыши призов,В ядре кластера анонсируются и подводятся итоги розыгрышей с использованием автоматизированных ботов для определения победителей.,"На периферии обсуждаются итоги розыгрышей билетов, сертификатов и других товаров, а также упоминаются другие виды определения победителей (например, в рамках премий).",False,1.0,4,39,13
2023-H1,97,56,"[""гарри"", ""принц"", ""iii"", ""король"", ""карла"", ""королевский"", ""карл"", ""британский"", ""уильям"", ""церемония""]",Общество,Монархия и аристократия,События и персоналии британской королевской семьи,Общество -> Монархия и аристократия -> События и персоналии британской королевской семьи,Ядро сфокусировано на деталях коронации Карла III и приглашении принца Гарри.,"Периферия затрагивает личные конфликты внутри королевской семьи, финансовое состояние Карла III и реакцию мировых лидеров на коронацию.",False,1.0,11,12,33
2023-H1,98,56,"[""шойгу"", ""командующий"", ""сергей шойгу"", ""войско"", ""группировка"", ""министр оборона"", ""военный округ"", ""оборона"", ""минобороны"", ""министр""]",Безопасность,Военное руководство и управление,Деятельность Министерства обороны и высшего командования,Безопасность -> Военное руководство и управление -> Деятельность Министерства обороны и высшего командования,Ядро сфокусировано на визитах министра обороны Сергея Шойгу в зону проведения специальной военной операции и совещаниях с руководящим составом Вооруженных Сил РФ.,Периферия затрагивает кадровые назначения командующих военными округами и обсуждение модернизации отдельных видов вооружения.,False,0.95,22,17,17
2023-H1,99,55,"[""иерусалим"", ""израиль"", ""израильский"", ""ливан"", ""теракт"", ""стрельба"", ""иран"", ""удар"", ""полиция"", ""сектор""]",Безопасность,Военно-политическая напряженность,Конфликты на Ближнем Востоке,Безопасность -> Военно-политическая напряженность -> Конфликты на Ближнем Востоке,"Ядро сфокусировано на терактах и перестрелках с жертвами на территории Израиля, включая Иерусалим.","Периферия описывает последствия терактов (фото убийцы, вандализм на кладбище) и детализация стрелявшего в Иерусалиме.",False,0.95,12,28,15
2023-H1,100,55,"[""машина"", ""погоня"", ""угнать"", ""угонщик"", ""полицейский"", ""автомобиль"", ""иномарка"", ""задержать"", ""разбить"", ""пьяный""]",Происшествия,Правонарушения и криминал,Угоны и преследование транспортных средств,Происшествия -> Правонарушения и криминал -> Угоны и преследование транспортных средств,Сотрудники ДПС задержали нетрезвого угонщика по горячим следам.,"Включает случаи погонь за нарушителями на различных видах транспорта, в том числе с элементами курьезности или ДТП.",False,1.0,1,20,34
2023-H1,101,54,"[""вертолёт"", ""крушение"", ""мурманский"", ""упасть"", ""пилот"", ""посадка"", ""самолёт"", ""потерпеть крушение"", ""мурманский область"", ""потерпеть""]",Происшествия,Авиационные происшествия,Крушения и аварии воздушных судов,Происшествия -> Авиационные происшествия -> Крушения и аварии воздушных судов,"Ядро сфокусировано на крушениях и падениях легкомоторных самолетов и вертолетов в России, включая инциденты с гибелью пилотов.","Периферия описывает более широкий спектр авиационных инцидентов, включая жесткие посадки, столкновения вертолетов за рубежом и поисковые операции.",False,1.0,19,22,13
2023-H1,102,54,"[""книжный"", ""дневник"", ""петербургский дневник"", ""петербургский"", ""книга"", ""музей"", ""дворцовый"", ""салон"", ""петербург"", ""дворцовый площадь""]",Культура,Литература и книжные мероприятия,Городские книжные фестивали и события,Культура -> Литература и книжные мероприятия -> Городские книжные фестивали и события,"Ядро посвящено проведению Книжного салона и мероприятий, связанных с ним, в Санкт-Петербурге.","Периферия включает анонсы других культурных и краеведческих событий в Петербурге, а также отдаленные примеры музейных скидок и транспортных фестивалей.",False,0.9,3,24,27
2023-H1,103,53,"[""грузия"", ""тбилиси"", ""авиасообщение"", ""рейс"", ""авиакомпания"", ""визовый"", ""прямой"", ""грузинский"", ""прямой рейс"", ""возобновление""]",Экономика,Транспортное сообщение,Возобновление авиасообщения между странами,Экономика -> Транспортное сообщение -> Возобновление авиасообщения между странами,"Ядро сфокусировано на возобновлении прямого авиасообщения и отмене визового режима между Россией и Грузией, а также на старте полетов конкретных авиакомпаний.","Периферия затрагивает политическую реакцию на возобновление авиасообщения, ценообразование на билеты и запуск транзитных рейсов для россиян.",False,1.0,24,20,9
2023-H1,104,53,"[""михалков"", ""никита"", ""никита михалков"", ""режиссёр"", ""госпитализировать"", ""больница"", ""пневмония"", ""состояние"", ""врач"", ""николай""]",Общество,Здоровье и медицина,Госпитализация известных личностей,Общество -> Здоровье и медицина -> Госпитализация известных личностей,Ядро посвящено лечению известного российского режиссера Никиты Михалкова от пневмонии и состоянию его здоровья.,"Периферия затрагивает госпитализации и проблемы со здоровьем других известных деятелей культуры и искусства, включая певцов и других режиссеров.",False,0.95,10,23,20
2023-H1,105,53,"[""wildberries"", ""выдача"", ""заказ"", ""маркетплейс"", ""товар"", ""пункт"", ""возврат"", ""покупатель"", ""продавец"", ""забастовка""]",Экономика,Электронная коммерция и ритейл,Проблемы и регулирование работы маркетплейсов,Экономика -> Электронная коммерция и ритейл -> Проблемы и регулирование работы маркетплейсов,Ядро сфокусировано на переговорах Wildberries с партнерами ПВЗ и проверках прокуратуры в отношении соблюдения прав работников маркетплейса.,"Периферия затрагивает фактическое закрытие пунктов выдачи заказов в регионах и продажу товаров, связанных с частными военными структурами, на платформе.",False,1.0,20,26,7
2023-H1,106,52,"[""столтенберг"", ""нато"", ""альянс"", ""генсек"", ""генсек нато"", ""йенс столтенберг"", ""йенс"", ""нато йенс"", ""саммит"", ""украина""]",Безопасность,Международные военные союзы,Деятельность и расширение НАТО,Безопасность -> Международные военные союзы -> Деятельность и расширение НАТО,Генеральный секретарь НАТО Йенс Столтенберг обсуждает ускорение поставок вооружений и перспективы вступления Украины в Альянс.,Периферия фокусируется на поддержке Украины со стороны европейских городов и институтов (ЕС) на фоне её стремления к членству в ЕС.,False,0.95,17,21,14
2023-H1,107,52,"[""кндр"", ""корея"", ""ким"", ""ракета"", ""ким чен"", ""чен"", ""баллистический"", ""баллистический ракета"", ""южный корея"", ""южнокорейский""]",Безопасность,Военные технологии и испытания,Ракетные испытания в Восточной Азии,Безопасность -> Военные технологии и испытания -> Ракетные испытания в Восточной Азии,Ядро кластера сосредоточено на запусках баллистических ракет Северной Кореей и реакции на них Японии и Южной Кореи.,"Периферия описывает более широкий контекст: совместные учения Южной Кореи и США, а также внутренние вопросы КНДР, включая инструктаж сестры Ким Чен Ына по ядерному оружию.",False,0.95,14,22,16
2023-H1,108,51,"[""авиабилет"", ""турция"", ""цена"", ""россиянин"", ""отдых"", ""стоимость"", ""вырасти"", ""турист"", ""перелёт"", ""рост""]",Экономика,Туризм и путешествия,Рост цен на зарубежный отдых,Экономика -> Туризм и путешествия -> Рост цен на зарубежный отдых,Ядро кластера посвящено резкому росту цен на отдых и авиабилеты в Турцию для россиян.,Периферия затрагивает рост спроса россиян на отдых в Азии в целом и покупку ими недвижимости в Турции.,False,0.95,13,16,22
2023-H1,109,50,"[""память"", ""бессмертный"", ""бессмертный полк"", ""акция"", ""полк"", ""свеча"", ""зажечь"", ""великий отечественный"", ""день память"", ""отечественный война""]",Общество,Памятные и мемориальные мероприятия,"Мероприятия, связанные с Днем Победы и ВОВ","Общество -> Памятные и мемориальные мероприятия -> Мероприятия, связанные с Днем Победы и ВОВ",Ядро посвящено проведению всероссийских и международных памятных акций «Свеча памяти» и «Бессмертный полк» в честь Дня Победы и памяти жертв Великой Отечественной войны.,"Периферия включает как продолжение темы памяти (онлайн-акции, зажжение Вечного огня), так и смежные темы, такие как возвращение мобилизованных и поминовение жертв других локальных войн (Афганистан).",True,1.0,10,28,12
2023-H1,110,48,"[""счётчик"", ""прибор"", ""жкх"", ""норматив"", ""тариф"", ""платёжка"", ""оплата"", ""коммунальный"", ""жку"", ""замена""]",Экономика,Государственное регулирование,Тарифы и начисления в сфере ЖКХ,Экономика -> Государственное регулирование -> Тарифы и начисления в сфере ЖКХ,"Ядро сфокусировано на изменениях в законодательстве, тарифах и порядке начислений за жилищно-коммунальные услуги, включая вопросы оплаты и учёта потребления.",Периферия затрагивает вопросы оплаты общего имущества в коттеджных посёлках и отмены взносов за капремонт для части жильцов.,False,0.93,10,23,15
2023-H1,111,48,"[""брянский"", ""брянский область"", ""диверсант"", ""район брянский"", ""село"", ""богомаз"", ""украинский диверсант"", ""область"", ""фсб"", ""украинский""]",Безопасность,Военные действия и диверсии,Приграничные инциденты с ДРГ,Безопасность -> Военные действия и диверсии -> Приграничные инциденты с ДРГ,Ядро сфокусировано на вооруженном вторжении и боестолкновениях с украинскими диверсантами в Брянской области.,Периферия затрагивает комментарии губернатора Брянской области и опровержения информации о пострадавших в результате инцидентов в регионе.,False,1.0,25,17,6
2023-H1,112,48,"[""крымский мост"", ""мост"", ""крымский"", ""крым"", ""движение"", ""пролёт"", ""автомобильный"", ""хуснуллин"", ""железнодорожный"", ""восстановить""]",Происшествия,Инфраструктурные инциденты,Восстановление транспортных объектов,Происшествия -> Инфраструктурные инциденты -> Восстановление транспортных объектов,Ядро посвящено восстановлению движения (автомобильного и железнодорожного) по Крымскому мосту после повреждений.,"Периферия включает восстановление пролетов Крымского моста, но также упоминает восстановление движения на других федеральных трассах из-за погодных условий.",True,0.95,16,17,15
2023-H1,113,48,"[""метро"", ""станция"", ""собянин"", ""сергей собянин"", ""линия"", ""кольцевой"", ""мэр"", ""вокзал"", ""мэр москва"", ""кольцевой линия""]",Общество,Транспортная инфраструктура,Развитие метрополитена и рельсового транспорта,Общество -> Транспортная инфраструктура -> Развитие метрополитена и рельсового транспорта,"Ядро посвящено анонсам и срокам открытия новых станций и линий метро, МЦД, а также заявлениям мэра Москвы Сергея Собянина о развитии транспортной системы.","Периферия затрагивает открытие благоустроенной территории у метро и логистические улучшения, связанные с транспортом.",False,1.0,13,28,7
2023-H1,114,47,"[""цифровой"", ""банк"", ""рубль"", ""перевод"", ""банк россия"", ""наличный"", ""лимит"", ""центробанк"", ""кошелёк"", ""валюта""]",Экономика,Финансовые системы и инструменты,Цифровые валюты и банковские операции,Экономика -> Финансовые системы и инструменты -> Цифровые валюты и банковские операции,Ядро сфокусировано на запуске пилотного проекта цифрового рубля Центробанком России и разъяснении его функционала.,"Периферия затрагивает исторические аспекты обращения валюты, регистрацию новых банков и общие пояснения о реформе денежной системы.",False,0.95,14,17,16
2023-H1,115,47,"[""пожар"", ""частный дом"", ""погибнуть"", ""погибнуть пожар"", ""частный"", ""дом"", ""огонь"", ""ребёнок погибнуть"", ""ребёнок"", ""охватить""]",Происшествия,Пожары и их последствия,Гибель людей в результате пожаров в жилых строениях,Происшествия -> Пожары и их последствия -> Гибель людей в результате пожаров в жилых строениях,"В ядре кластера сообщается о трагических случаях гибели людей, включая детей, при пожарах в частных домах в различных регионах России.","На периферии рассматриваются отдельные случаи гибели людей на пожарах, в том числе в нежилых постройках (сарай) или с уточнением обстоятельств (например, госпитализация пострадавших).",False,1.0,12,27,8
2023-H1,116,46,"[""беспилотник"", ""воронеж"", ""упасть"", ""падение"", ""беспилотник упасть"", ""воронежский"", ""калужский область"", ""место падение"", ""бпнуть"", ""калужский""]",Безопасность,Чрезвычайные происшествия и инциденты,Обнаружение и падение беспилотных летательных аппаратов,Безопасность -> Чрезвычайные происшествия и инциденты -> Обнаружение и падение беспилотных летательных аппаратов,Ядро кластера посвящено обнаружению мест падения беспилотников (БПЛА) в Калужской области.,"Периферия описывает последствия падения беспилотников, включая повреждение гражданской инфраструктуры и введение режимов ЧС в Воронеже.",False,1.0,19,15,12
2023-H1,117,44,"[""отключить"", ""отключение"", ""вода"", ""горячий вода"", ""район волгоград"", ""адрес"", ""улица"", ""электричество"", ""остаться"", ""плановый""]",Общество,Жилищно-коммунальное хозяйство,Плановые отключения ресурсов,Общество -> Жилищно-коммунальное хозяйство -> Плановые отключения ресурсов,"Ядро посвящено плановым отключениям коммунальных ресурсов (воды, горячей воды, электричества) в различных районах Волгограда и Самары.",Периферия затрагивает завершение отопительного сезона и анонсы отключений электричества в Чите и Волжском.,False,0.96,16,20,8
2023-H1,118,43,"[""украинец"", ""русский"", ""украина"", ""украинский"", ""поляк"", ""переименовать"", ""памятник"", ""российский империя"", ""название"", ""флаг""]",Общество,Культурная и историческая политика,Спор о национальной идентичности и наследии,Общество -> Культурная и историческая политика -> Спор о национальной идентичности и наследии,"Ядро сфокусировано на попытках Украины дистанцироваться от российского/советского наследия, включая переименования и вымарывание фигур из истории.","Периферия затрагивает споры о языке, принадлежности культурных деятелей (Куинджи) и исторические трагедии, связанные с конфликтами.",False,0.95,0,15,28
2023-H1,119,43,"[""банк"", ""банковский"", ""кризис"", ""банкротство"", ""финансовый"", ""банковский система"", ""крах"", ""швейцарский"", ""обанкротиться"", ""сша""]",Экономика,Финансовые рынки и институты,Банковские кризисы и банкротства,Экономика -> Финансовые рынки и институты -> Банковские кризисы и банкротства,"Ядро сфокусировано на недавнем банкротстве крупных американских банков, таких как Silicon Valley Bank, и связанных с этим опасениях о системном финансовом кризисе в США.","Периферия обсуждает более широкий мировой экономический кризис, мнения экспертов о его причинах и возможных последствиях, включая упоминание российского банка в контексте общего упадка.",False,1.0,11,20,12
2023-H1,120,43,"[""пермь"", ""прикамье"", ""эфир"", ""пермский"", ""слушайте"", ""radiokp"", ""прямой эфир"", ""радио комсомольский"", ""пермский край"", ""ирина""]",Общество,Региональные медиа и коммуникации,Новости и эфиры регионального радиовещания,Общество -> Региональные медиа и коммуникации -> Новости и эфиры регионального радиовещания,"Ядро кластера сфокусировано на местных новостях Перми и Прикамья, транслируемых в рамках утренних шоу на радио «Комсомольская правда».","Периферия затрагивает разнообразные местные события в Перми, включая открытие заведений, работу горячих линий и общие региональные дайджесты.",False,1.0,25,15,3
2023-H1,121,43,"[""налоговый"", ""налог"", ""ндфл"", ""взнос"", ""минфин"", ""ставка"", ""сверхприбыль"", ""бизнес"", ""разовый"", ""платёж""]",Экономика,Финансы и налогообложение,Изменения в налоговом законодательстве и сборах,Экономика -> Финансы и налогообложение -> Изменения в налоговом законодательстве и сборах,"Ядро сфокусировано на обсуждении и внесении в Госдуму законопроектов, касающихся ставок НДФЛ для удалённых сотрудников и россиян, утративших налоговое резидентство.","Периферия затрагивает вопросы применения налоговых правил (ЕНС, сверки) и обсуждение потенциальных новых финансовых инструментов (ОФЗ) для населения.",False,1.0,22,13,8
2023-H1,122,42,"[""матч"", ""турнир"", ""партия"", ""даниил"", ""медведев"", ""финал"", ""корона"", ""теннисист"", ""новак"", ""россиянин""]",Спорт,Индивидуальные виды спорта,Теннис и шахматы: крупные турниры и матчи,Спорт -> Индивидуальные виды спорта -> Теннис и шахматы: крупные турниры и матчи,Ядро сфокусировано на успехах российских спортсменов (теннисиста Даниила Медведева и шахматиста Яна Непомнящего) в финальных стадиях крупных международных соревнований.,Периферия освещает победы Новака Джоковича на турнирах Большого шлема и неудачи Даниила Медведева на Australian Open.,False,0.95,9,17,16
2023-H1,123,42,"[""наркотик"", ""задержать"", ""изъять"", ""вещество"", ""грамм"", ""сбыт"", ""партия"", ""закладка"", ""килограмм"", ""поймать""]",Безопасность,Правонарушения и борьба с ними,Незаконный оборот наркотических средств,Безопасность -> Правонарушения и борьба с ними -> Незаконный оборот наркотических средств,"Ядро кластера посвящено задержаниям лиц, связанных с хранением, сбытом и изъятием крупных партий наркотических веществ.","Периферия описывает задержания наркодилеров, включая тех, кто занимался сбытом через интернет или выращиванием запрещенных растений.",False,1.0,0,22,20
2023-H1,124,41,"[""плен"", ""украинский плен"", ""возвратить"", ""российский военнослужащий"", ""смертельный опасность"", ""военнослужащий"", ""подконтрольный"", ""вернуться"", ""военнослужащий который"", ""освободить""]",Безопасность,Военнослужащие и военные действия,Обмен военнопленными и возвращение военнослужащих,Безопасность -> Военнослужащие и военные действия -> Обмен военнопленными и возвращение военнослужащих,Ядро посвящено официальным сообщениям Министерства обороны РФ и депутатов о возвращении российских военнослужащих из украинского плена.,"Периферия затрагивает темы возвращения бывших заключенных, участвовавших в СВО, и продвижения войск при освобождении населенных пунктов.",True,0.95,26,8,7
2023-H1,125,41,"[""роскомнадзор"", ""youtube"", ""заблокировать"", ""контент"", ""блокировка"", ""сервис"", ""доступ"", ""канал"", ""лгбт"", ""запретить""]",Общество,Информационные технологии и медиа,Государственное регулирование интернета и контента,Общество -> Информационные технологии и медиа -> Государственное регулирование интернета и контента,"Ядро сфокусировано на блокировках популярных интернет-сервисов (YouTube, ВКонтакте) и ресурсов, связанных с ЧВК «Вагнер», по требованию Роскомнадзора.","Периферия затрагивает технические аспекты работы YouTube, разблокировку сервисов после удаления контента и включение фильмов в списки, связанные с ЛГБТ-пропагандой.",False,1.0,4,19,18
2023-H1,126,41,"[""концерт"", ""музыкальный"", ""выпускник"", ""фестиваль"", ""праздник"", ""июнь"", ""балет"", ""день россия"", ""маяковский"", ""музыка""]",Культура,Музыкальные и театральные события,Анонсы и репортажи о концертах и фестивалях,Культура -> Музыкальные и театральные события -> Анонсы и репортажи о концертах и фестивалях,Ядро посвящено организации и проведению крупного праздничного концерта «Алые паруса» с упоминанием артистов и логистики.,"Периферия охватывает анонсы разнообразных культурных мероприятий, включая концерты классической и рок-музыки, а также премьеры балета.",False,1.0,1,16,24
2023-H1,127,40,"[""укус"", ""роспотребнадзор"", ""болезнь"", ""инфекция"", ""поликлиника"", ""лихорадка"", ""опасный"", ""нападать"", ""новосибирец"", ""случай""]",Общество,Здравоохранение и эпидемиология,"Угроза распространения инфекций, переносимых членистоногими","Общество -> Здравоохранение и эпидемиология -> Угроза распространения инфекций, переносимых членистоногими",В регионах России фиксируются случаи обращений граждан из-за укусов клещей и информирование о связанных с ними инфекционных рисках Роспотребнадзором.,Власти в ряде регионов предпринимают меры по дезинсекции общественных территорий и информируют о пунктах оказания помощи при укусах клещей.,False,1.0,21,15,4
2023-H1,128,40,"[""минобороны"", ""уничтожение"", ""минобороны россия"", ""видео минобороны"", ""бронетехника"", ""всу"", ""опубликовать кадр"", ""кадр"", ""экипаж"", ""показать кадр""]",Безопасность,Военные действия и конфликты,Демонстрация результатов боевых действий,Безопасность -> Военные действия и конфликты -> Демонстрация результатов боевых действий,Минобороны России публикует видеоматериалы уничтожения техники и опорных пунктов ВСУ в зоне проведения специальной военной операции.,Включает захват трофейной западной бронетехники и удары тяжелыми огнеметными системами по позициям противника.,False,1.0,29,9,2
2023-H1,129,40,"[""башкирия"", ""млрд рубль"", ""млн рубль"", ""рубль"", ""республика"", ""млн"", ""млрд"", ""назаров"", ""инвестиция"", ""объём инвестиция""]",Экономика,Государственное финансирование и инвестиции,Финансовая поддержка региональных проектов,Экономика -> Государственное финансирование и инвестиции -> Финансовая поддержка региональных проектов,Ядро сфокусировано на выделении средств и подписании соглашений на крупные суммы (млрд/млн рублей) для поддержки инициатив и технопарков в Башкирии.,"Периферия описывает более широкий спектр региональных проектов, включая инфраструктурные (ЖД), экологические (зубры) и административные изменения, также связанные с финансированием или развитием.",False,1.0,6,14,20
2023-H1,130,39,"[""кафе"", ""взрыв"", ""пострадать взрыв"", ""пострадать"", ""минздрав"", ""состояние средний"", ""университетский"", ""состояние"", ""число пострадать"", ""тяжесть""]",Происшествия,Чрезвычайные ситуации и инциденты,Взрывы и теракты в общественных местах,Происшествия -> Чрезвычайные ситуации и инциденты -> Взрывы и теракты в общественных местах,"Ядро описывает последствия взрыва в кафе, включая число и состояние пострадавших, а также реакцию экстренных служб и общественности на месте инцидента.","Периферия фокусируется на деталях расследования, последствиях для инфраструктуры здания и стихийном мемориале, возникшем у места взрыва.",False,1.0,25,8,6
2023-H1,131,39,"[""минобороны россия"", ""видео минобороны"", ""минобороны"", ""военный округ"", ""западный военный"", ""боевой работа"", ""россия тасс"", ""округ"", ""боевой"", ""зона""]",Безопасность,Военная деятельность,Официальные сводки и работа вооружённых сил,Безопасность -> Военная деятельность -> Официальные сводки и работа вооружённых сил,"Ядро посвящено демонстрации Минобороны РФ работы различных подразделений (операторы БПЛА, ремонтники, саперы) Западного военного округа в зоне проведения специальной военной операции.","Периферия затрагивает как применение тяжелого вооружения (ТОС «Солнцепек», «Грады») на конкретном направлении, так и историко-познавательные проекты Минобороны, связанные с авиационными сражениями.",True,1.0,25,11,3
2023-H1,132,39,"[""наказание"", ""лишение"", ""лишение свобода"", ""поправка"", ""дискредитация"", ""конфискация"", ""свобода"", ""володин"", ""госдума"", ""год лишение""]",Политика,Законодательство и правоприменение,Ужесточение уголовной ответственности,Политика -> Законодательство и правоприменение -> Ужесточение уголовной ответственности,"Ядро кластера фокусируется на одобрении и принятии Государственной Думой поправок, ужесточающих наказание, включая лишение свободы, за дискредитацию участников спецоперации и содействие решениям международных организаций.","Периферия затрагивает разработку законопроектов об ответственности за deepfake, контроль за иностранными агентами и общее ужесточение наказаний.",False,0.9375,16,18,5
2023-H1,133,38,"[""магатэ"", ""аэс"", ""запорожский аэс"", ""заэс"", ""запорожский"", ""станция"", ""гендиректор"", ""каховский"", ""электростанция"", ""атомный""]",Безопасность,Ядерная энергетика и риски,Ситуация вокруг Запорожской АЭС,Безопасность -> Ядерная энергетика и риски -> Ситуация вокруг Запорожской АЭС,В центре внимания находятся переговоры МАГАТЭ и гендиректора Гросси о прекращении боевых действий и контроле над Запорожской АЭС.,"На периферии обсуждаются вопросы адаптации работы ЗАЭС к российским стандартам, а также инциденты, связанные с дестабилизацией ситуации в регионе и сравнение с Чернобыльской АЭС.",False,0.9,18,13,7
2023-H1,134,38,"[""пакет военный"", ""военный помощь"", ""пакет"", ""новый пакет"", ""помощь"", ""сша"", ""помощь украина"", ""украина новый"", ""боеприпас"", ""млрд""]",Безопасность,Международная военная поддержка,Поставки вооружений и финансовая помощь,Безопасность -> Международная военная поддержка -> Поставки вооружений и финансовая помощь,"Ядро посвящено анонсам и деталям новых пакетов военной помощи от США Украине, включая суммы и типы вооружений.",Периферия включает информацию о суммарной военной помощи от НАТО и о финансовой помощи Украине от Всемирного банка.,False,1.0,27,7,4
2023-H1,135,38,"[""титан"", ""обломок"", ""береговой"", ""атлантика"", ""охрана"", ""пропасть"", ""подводный"", ""аппарат"", ""затонуть"", ""обнаружить""]",Происшествия,Аварии и катастрофы на воде,Подводные инциденты с аппаратами,Происшествия -> Аварии и катастрофы на воде -> Подводные инциденты с аппаратами,"Ядро посвящено поиску, обнаружению обломков и тел после затопления батискафа «Титан» в Атлантике.","Периферия затрагивает другие инциденты на воде (затопление авианосца), рассуждения о выживании в фильмах и находки у места взрывов «Северных потоков».",True,0.95,23,10,5
2023-H1,136,37,"[""флот"", ""учение"", ""гиперзвуковой"", ""тихоокеанский флот"", ""тихоокеанский"", ""внезапный"", ""корабль"", ""вмф"", ""адмирал"", ""боевой""]",Безопасность,Военно-морская деятельность,Учения и оснащение флота,Безопасность -> Военно-морская деятельность -> Учения и оснащение флота,Ядро кластера посвящено внезапным учениям и демонстрации гиперзвукового вооружения российским флотом.,"Периферия затрагивает как исторические инциденты с кораблями, так и слежку иностранных флотов за российскими учениями.",False,1.0,12,11,14
2023-H1,137,37,"[""спецоперация россия"", ""обстановка"", ""специальный военный"", ""россия украина"", ""военный операция"", ""специальный"", ""операция"", ""спецоперация"", ""сводка"", ""военный""]",Безопасность,Военные конфликты и операции,Специальная военная операция,Безопасность -> Военные конфликты и операции -> Специальная военная операция,Ядро посвящено ежедневным онлайн-трансляциям и сводкам о ходе специальной военной операции России на Украине.,"Периферия включает сводки по конкретным населенным пунктам в рамках операции, а также новости, косвенно связанные с ней.",False,1.0,31,4,2
2023-H1,138,37,"[""ставка"", ""ключевой ставка"", ""банк"", ""трлн"", ""монета"", ""банк россия"", ""ключевой"", ""регулятор"", ""центробанк"", ""трлн руб""]",Экономика,Денежно-кредитная политика и Финансы,Регулирование ключевой ставки и банковского сектора,Экономика -> Денежно-кредитная политика и Финансы -> Регулирование ключевой ставки и банковского сектора,Центральный банк обсуждает сохранение или повышение ключевой ставки для стабилизации инфляции.,"В периферии обсуждаются профицит бюджета Пенсионного фонда, выпуск новых банкнот и прибыль отдельных крупных банков.",True,1.0,4,17,16
2023-H1,139,36,"[""маск"", ""twitter"", ""илона"", ""илона маск"", ""аккаунт"", ""маска"", ""пользователь"", ""владелец"", ""предприниматель"", ""социальный сеть""]",Экономика,Информационные технологии и медиа,Управление и развитие социальных сетей,Экономика -> Информационные технологии и медиа -> Управление и развитие социальных сетей,"Ядро сфокусировано на заявлениях Илона Маска о его роли владельца и генерального директора компании Twitter, а также о монетизации контента в этой социальной сети.","Периферия затрагивает смену логотипа Twitter на Doge, а также косвенно касается деятельности Маска через его компанию Starlink и судебные иски.",False,1.0,7,16,13
2023-H1,140,36,"[""сериал"", ""изнанка"", ""фильм"", ""netflix"", ""сезон"", ""серия"", ""выйти"", ""премьера"", ""обзор"", ""прокат""]",Культура,Кино и сериалы,Релизы и обзоры контента,Культура -> Кино и сериалы -> Релизы и обзоры контента,Ядро сфокусировано на анонсах и обсуждении новых сезонов и проектов сериалов.,"Периферия расширяет тему, включая премьеры фильмов в российском прокате и доступность контента на различных стриминговых платформах.",False,1.0,6,9,21
2023-H1,141,36,"[""кравцов"", ""просвещение"", ""министр"", ""минпросвещение"", ""история"", ""сергей"", ""задание"", ""защита родина"", ""заявить министр"", ""раздел""]",Общество,Образование и просвещение,Интеграция военной тематики в школьные программы,Общество -> Образование и просвещение -> Интеграция военной тематики в школьные программы,Министр просвещения Сергей Кравцов анонсировал включение раздела о специальной военной операции (СВО) в учебники истории и появление артефактов СВО в школьных музеях.,Глава Минпросвещения Сергей Кравцов также комментировал готовность учебника истории и создание ассоциации наставников.,False,0.95,11,12,13
2023-H1,142,35,"[""грузия"", ""тбилиси"", ""парламент"", ""иноагент"", ""грузинский"", ""протест"", ""оппозиция"", ""законопроект"", ""акция протест"", ""закон""]",Политика,Внутренняя политика и законодательство,Общественные протесты против законодательных инициатив,Политика -> Внутренняя политика и законодательство -> Общественные протесты против законодательных инициатив,"Ядро посвящено отзыву законопроекта об иноагентах в Грузии после массовых протестов в Тбилиси, направленных против этого закона.","Периферия описывает завершение акций протеста, освобождение задержанных и прекращение рассмотрения законопроекта парламентом.",False,1.0,15,16,4
2023-H1,143,35,"[""судан"", ""реагирование"", ""быстрый"", ""армия"", ""захватить"", ""сила"", ""вооружённый"", ""столкновение"", ""посольство"", ""спецназ""]",Безопасность,Вооружённые конфликты,Внутригосударственное вооружённое противостояние,Безопасность -> Вооружённые конфликты -> Внутригосударственное вооружённое противостояние,Силы быстрого реагирования Судана захватывают ключевые объекты инфраструктуры на фоне столкновений с армией.,"Согласие на перемирие, гибель военного атташе и отключение интернета на фоне боевых действий в Судане.",False,1.0,13,14,8
2023-H1,144,35,"[""выходной"", ""отдыхать"", ""майский"", ""новогодний"", ""май"", ""майский праздник"", ""праздник"", ""рабочий день"", ""рабочий"", ""день""]",Общество,Трудовые отношения и отдых,График нерабочих и праздничных дней,Общество -> Трудовые отношения и отдых -> График нерабочих и праздничных дней,Ядро посвящено обсуждению продолжительности и дат майских праздничных выходных в России.,"Периферия затрагивает сокращение новогодних праздников и вопросы отпусков, а также нерелевантную тему спортивных событий.",True,1.0,20,11,4
2023-H1,145,34,"[""реформа"", ""нетаньяху"", ""израиль"", ""судебный"", ""протест"", ""биньямин"", ""биньямин нетаньяху"", ""протестовать"", ""израильский"", ""протест против""]",Политика,Внутренняя политика и реформы,Общественные протесты против судебной реформы,Политика -> Внутренняя политика и реформы -> Общественные протесты против судебной реформы,"Ядро документов фокусируется на массовых протестах в Израиле, направленных против предложенной судебной реформы правительства Нетаньяху.","Периферия описывает последствия политических решений, включая отсрочку принятия закона о реформе и реакцию профсоюзов.",False,1.0,19,11,4
2023-H1,146,34,"[""интересный"", ""осн"", ""статья"", ""почему"", ""сеть"", ""популярный"", ""объяснить"", ""рассказать"", ""всу"", ""украина""]",Политика,Международные отношения и конфликты,Аналитика и мнения о геополитических событиях,Политика -> Международные отношения и конфликты -> Аналитика и мнения о геополитических событиях,"Ядро сфокусировано на анализе и обсуждении текущих геополитических событий, включая СВО, зерновую сделку и отношения России с Западом.","Периферия затрагивает более широкий спектр тем, включая расследования (Папа Римский/ЦРУ) и обзоры рынка труда в IT, но также упоминает помощь Украине самолетами F-16.",True,0.9,32,0,2
2023-H1,147,33,"[""ткачёв"", ""протоиерей"", ""святой"", ""православный"", ""христос"", ""андрей"", ""великий"", ""христианин"", ""православный христианин"", ""грех""]",Общество,Религия и духовность,Православное христианство и проповедь,Общество -> Религия и духовность -> Православное христианство и проповедь,"Ядро кластера сосредоточено на проповедях и наставлениях протоиерея Андрея Ткачёва, касающихся православных праздников и постов.","Периферия затрагивает вопросы греха в военное время, оценку церковных инноваций и вызовы, стоящие перед православием на постсоветском пространстве.",True,1.0,18,8,7
2023-H1,148,32,"[""парковка"", ""платный парковка"", ""платный"", ""петроградский"", ""разрешение"", ""комитет транспорт"", ""зона"", ""оплата"", ""июль"", ""транспорт""]",Общество,Городская инфраструктура и управление,Организация платных парковочных пространств,Общество -> Городская инфраструктура и управление -> Организация платных парковочных пространств,"Внедрение и влияние зон платной парковки, а также оформление разрешений для жителей в Петроградском районе Санкт-Петербурга.","Периферия затрагивает более общие вопросы городского управления, включая объединение парковочных зон, контроль за оплатой парковки сотрудниками Смольного и введение требований для гидов.",False,0.93,20,8,4
2023-H1,149,32,"[""врач"", ""пациентка"", ""больница"", ""диагностировать"", ""операция"", ""опухоль"", ""спасти"", ""пациент"", ""медик"", ""беременность""]",Общество,Здравоохранение и медицина,Сложные медицинские случаи и спасение пациентов,Общество -> Здравоохранение и медицина -> Сложные медицинские случаи и спасение пациентов,"Врачи проводят сложные операции и процедуры для спасения пациентов, включая беременных женщин.",Медики диагностируют редкие заболевания и аномалии у пациентов.,False,1.0,6,16,10
2023-H1,150,32,"[""бизнес"", ""смотреть сайт"", ""эфир"", ""архив"", ""рбк"", ""какой"", ""директор"", ""rbc"", ""rostov"", ""искать""]",Экономика,Бизнес и инвестиции,Региональное развитие и предпринимательство,Экономика -> Бизнес и инвестиции -> Региональное развитие и предпринимательство,"Ядро сфокусировано на обсуждении перспектив развития санаторно-курортного кластера Кубани, трудностей аграриев ЮФО и инвестиционных планов Краснодарского края в рамках эфиров РБК ТВ Юг.","Периферия затрагивает темы российского предпринимательства, юридических аспектов проверок бизнеса и реконструкции инфраструктуры в Ростовской области.",False,1.0,9,13,10
2023-H1,151,31,"[""закат"", ""рассвет"", ""красивый"", ""красота"", ""присылать"", ""добрый утро"", ""любоваться"", ""добрый"", ""утро"", ""подписчик""]",Общество,Повседневная жизнь и досуг,Визуальный контент и приветствия,Общество -> Повседневная жизнь и досуг -> Визуальный контент и приветствия,Ядро кластера сфокусировано на публикации пользователями и редакциями фотографий красивых закатов в Москве.,"Периферия включает красивые природные явления (закат на Камчатке, световое шоу) и утренние приветствия с указанием регионов.",False,1.0,13,12,6
2023-H1,152,31,"[""объявление"", ""блокнот"", ""требоваться"", ""звонить"", ""вакансия"", ""свежий"", ""разместить"", ""писать"", ""блокнот волгоград"", ""группа""]",Экономика,Рынок труда и занятость,Объявления о вакансиях и поиске работы,Экономика -> Рынок труда и занятость -> Объявления о вакансиях и поиске работы,"Ядро кластера сосредоточено на публикации свежих объявлений о поиске сотрудников (вакансиях) через местные новостные/информационные группы, такие как «Блокнот Волгоград».",Периферия содержит объявления о сдаче офисных помещений в аренду и о наборе доноров спермы/яйцеклеток для клиники.,True,1.0,25,4,2
2023-H1,153,31,"[""штат"", ""циклон"", ""обрушиться"", ""reuters"", ""наводнение"", ""малый мера"", ""тасс reuters"", ""видео тасс"", ""погибнуть"", ""мощный""]",Общество,Стихийные бедствия и катастрофы,"Ураганы, циклоны и торнадо","Общество -> Стихийные бедствия и катастрофы -> Ураганы, циклоны и торнадо","Ядро кластера посвящено разрушительным торнадо и мощным циклонам, приведшим к жертвам и разрушениям в различных штатах США и Африке.","Периферия описывает отдельные случаи ударов молнии в высотные здания и статуи, а также последствия циклона в Новой Зеландии.",True,0.92,9,16,6
2023-H1,154,31,"[""купель"", ""крещенский"", ""купание"", ""крещение"", ""прорубь"", ""вода"", ""окунуться"", ""январь"", ""лёд"", ""господний""]",Общество,Традиции и обряды,Крещенские купания,Общество -> Традиции и обряды -> Крещенские купания,"Сообщения о подготовке и проведении крещенских купаний в специально оборудованных местах, включая информацию о мерах безопасности.","Реакция и действия отдельных лиц (включая чиновников) и локальные погодные явления, связанные с праздником Крещения.",False,1.0,10,17,4
2023-H1,155,30,"[""электросамокат"", ""мобильность"", ""средство индивидуальный"", ""самокат"", ""индивидуальный"", ""пдд"", ""скорость"", ""передвижение"", ""правило"", ""средство""]",Общество,Транспорт и мобильность,Регулирование средств индивидуальной мобильности (СИМ),Общество -> Транспорт и мобильность -> Регулирование средств индивидуальной мобильности (СИМ),"Ядро кластера посвящено введению новых правил дорожного движения и ограничений, касающихся использования электросамокатов в России.","Периферия затрагивает общие изменения в ПДД с 1 марта, включая правила для автомобилистов и кругового движения, а также общественное мнение о запрете самокатов в отдельных городах.",False,1.0,17,5,8
2023-H1,156,30,"[""троица"", ""икона"", ""храм христос"", ""христос спаситель"", ""спаситель"", ""христос"", ""рублёв"", ""храм"", ""андрей рублёв"", ""рпц""]",Культура,Религиозное искусство и наследие,Передача и экспонирование православных святынь,Культура -> Религиозное искусство и наследие -> Передача и экспонирование православных святынь,Временное перемещение иконы Андрея Рублева «Троица» из Третьяковской галереи в Храм Христа Спасителя.,"Решение о передаче других церковных реликвий (гробница Александра Невского) и риски, связанные с перемещением шедевров.",False,1.0,20,6,4
2023-H1,157,30,"[""запорожский"", ""рогов"", ""запорожский область"", ""владимир рогов"", ""запорожье"", ""балицкий"", ""движение вместе"", ""вместе россия"", ""председатель движение"", ""запорожский направление""]",Безопасность,Вооружённые конфликты,Боевые действия на территории Украины,Безопасность -> Вооружённые конфликты -> Боевые действия на территории Украины,Ядро сфокусировано на сообщениях о готовящемся или начавшемся контрнаступлении ВСУ на Запорожском направлении и ответных действиях российских сил.,Периферия описывает создание и деятельность структур гражданского обеспечения (народное ополчение) и набор добровольцев в регионе.,False,1.0,20,8,2
2023-H1,158,30,"[""зеленский"", ""президент украина"", ""владимир зеленский"", ""украина владимир"", ""украина"", ""олигарх"", ""президент"", ""бункер"", ""владимир"", ""зюганов""]",Политика,Внутренняя политика и управление,Деятельность и положение главы государства,Политика -> Внутренняя политика и управление -> Деятельность и положение главы государства,Ядро сфокусировано на потенциальных конфликтах Владимира Зеленского с украинскими олигархами и сомнениях в его реальном контроле над страной.,Периферия затрагивает пиар-кампанию Зеленского в США и демонстрацию его бытовых условий (бункер).,False,1.0,13,10,7
2023-H1,159,30,"[""чёрный море"", ""беспилотник"", ""море"", ""чёрный"", ""американский"", ""дрон"", ""истребитель"", ""полёт"", ""воздушный"", ""ввс""]",Безопасность,Военно-технические инциденты,Инциденты с БПЛА в международном воздушном пространстве,Безопасность -> Военно-технические инциденты -> Инциденты с БПЛА в международном воздушном пространстве,"Ядро посвящено инциденту с российским истребителем и американским беспилотником над Черным морем, включая реакцию Минобороны РФ.","Периферия затрагивает фиксацию полетов американских БПЛА вблизи границ России, а также общие новости о военных дронах США.",False,1.0,17,9,4
2023-H1,160,29,"[""гтрк"", ""гтрк самара"", ""самара"", ""телевидение"", ""студия"", ""самарский"", ""год вместе"", ""время ждать"", ""ждать свой"", ""день открытый""]",Общество,СМИ и Медиа,Региональное телевидение и вещание,Общество -> СМИ и Медиа -> Региональное телевидение и вещание,Ядро кластера посвящено празднованию юбилея (65 лет) и мероприятиям (День открытых дверей) ГТРК «Самара» и самарского телевидения.,Периферия затрагивает награждение сотрудника журналистской организации и прямую трансляцию религиозного события местным телеканалом.,False,1.0,20,7,2
2023-H1,161,29,"[""чебурашка"", ""фильм"", ""прокат"", ""фильм чебурашка"", ""сбор"", ""режиссёр"", ""картина"", ""клим"", ""кинотеатр"", ""комедия""]",Культура,Киноиндустрия,Кассовые сборы отечественных фильмов,Культура -> Киноиндустрия -> Кассовые сборы отечественных фильмов,Семейная комедия «Чебурашка» установила рекорд по кассовым сборам в российском прокате.,Периферия затрагивает общие итоги проката других фильмов и награды телеканалов.,False,0.92,14,7,8
2023-H1,162,29,"[""самолёт"", ""airlines"", ""разбиться"", ""борт"", ""крушение"", ""пассажирский самолёт"", ""авиакомпания"", ""член экипаж"", ""пассажир"", ""потерпеть крушение""]",Происшествия,Авиационные происшествия,Крушения пассажирских самолётов,Происшествия -> Авиационные происшествия -> Крушения пассажирских самолётов,"Ядро сфокусировано на обнаружении чёрного ящика и деталях крушения пассажирского самолёта авиакомпании Yeti Airlines в Непале, а также на жёсткой посадке другого борта.","Периферия содержит информацию о личностях погибших россиян, деталях предотвращения падения самолёта на населённый пункт и опознании тел.",False,1.0,18,7,4
2023-H1,163,29,"[""мелитополь"", ""взрыв"", ""рогов"", ""взрывной устройство"", ""владимир рогов"", ""взрывной"", ""запорожский область"", ""устройство"", ""самодельный"", ""луганск""]",Безопасность,Террористическая и диверсионная деятельность,Применение взрывных устройств в прифронтовой зоне,Безопасность -> Террористическая и диверсионная деятельность -> Применение взрывных устройств в прифронтовой зоне,"В центре кластера находятся сообщения о взрывах, произошедших в Мелитополе, о которых информировал Владимир Рогов.",На периферии обсуждаются инциденты с самодельными взрывными устройствами в Бердянске и теракты в Луганске.,False,1.0,12,12,5
2023-H1,164,29,"[""загранпаспорт"", ""паспорт"", ""выдача"", ""образец"", ""приём заявление"", ""приём"", ""микросхема"", ""заграничный"", ""пребывание"", ""виза""]",Общество,Документы и удостоверения личности,Оформление заграничных паспортов,Общество -> Документы и удостоверения личности -> Оформление заграничных паспортов,Временная приостановка выдачи биометрических загранпаспортов нового образца в России из-за высокого спроса и проблем с комплектующими.,"Новости о правилах пребывания в Индии по визе и возобновлении приёма заявлений на визы в Швеции, а также рейтинги паспортов для путешествий.",True,1.0,13,6,10
2023-H1,165,29,"[""извращенец"", ""гордость"", ""флаг"", ""родитель"", ""школа"", ""американский"", ""извращение"", ""лгбт"", ""урок"", ""трансгендер""]",Общество,Социальные и культурные конфликты,Противостояние консервативных и ЛГБТ-повесткам,Общество -> Социальные и культурные конфликты -> Противостояние консервативных и ЛГБТ-повесткам,Ядро сфокусировано на протестах американских родителей против пропаганды ЛГБТ и трансгендерных тем в школах и противостоянии активистам.,"Периферия затрагивает общие негативные социальные тенденции в США (наркомания, отмена гимна) и вопросы гендерного равенства в транспорте, что является фоновым контекстом для социальных изменений.",False,0.92,3,15,11
2023-H1,166,28,"[""рецепт"", ""блин"", ""начинка"", ""кулич"", ""мёд"", ""ингредиент"", ""вкусный"", ""блюдо"", ""ljn"", ""мослента""]",Общество,Культура и традиции,Праздничные кулинарные традиции,Общество -> Культура и традиции -> Праздничные кулинарные традиции,"Ядро кластера сосредоточено на рецептах и подготовке к религиозным и народным праздникам, таким как Пасха и Масленица, включая куличи и блины.","Периферия затрагивает обсуждение цен на куличи, а также общие кулинарные рецепты (котлеты) и предложения ресторанов на Масленицу.",False,1.0,3,17,8
2023-H1,167,28,"[""буря"", ""балл"", ""возмущение"", ""мощный"", ""земля"", ""накрыть"", ""достигнуть"", ""шкала"", ""пик"", ""давление""]",Наука,Астрономия и Космос,Геомагнитная активность,Наука -> Астрономия и Космос -> Геомагнитная активность,"Ядро кластера посвящено прогнозам и фиксации магнитных бурь различной интенсивности, накрывающих Землю.",Периферия затрагивает причины грядущих космических явлений и общие анонсы о кометах и геомагнитных ударах.,False,1.0,23,3,2
2023-H1,168,27,"[""развязка"", ""строительство"", ""дорога"", ""отремонтировать"", ""проезжий"", ""проезжий часть"", ""участок"", ""улица"", ""подрядчик"", ""ремонт""]",Общество,Инфраструктура и городское развитие,Ремонт и строительство дорог,Общество -> Инфраструктура и городское развитие -> Ремонт и строительство дорог,В Самаре начался ремонт проезжей части на проспекте Ленина с участием подрядчиков.,"Власти и депутаты обсуждают строительство новых развязок и ремонт дорог в различных городах, а также сроки выполнения работ подрядчиками.",False,1.0,1,15,11
2023-H1,169,27,"[""форум"", ""пмэф"", ""экономический форум"", ""международный экономический"", ""петербургский международный"", ""экономический"", ""петербургский"", ""стенд"", ""международный"", ""петербургский дневник""]",Экономика,Деловые мероприятия и конгрессы,Российские международные экономические форумы,Экономика -> Деловые мероприятия и конгрессы -> Российские международные экономические форумы,Ядро кластера сосредоточено на открытии и представлении стендов российских регионов и участников на Петербургском международном экономическом форуме (ПМЭФ).,"Периферия описывает сопутствующие события на форуме, включая посещение стендов иностранными делегациями (шейхами) и продажу сувенирной продукции, связанной с ПМЭФ.",False,1.0,13,8,6
2023-H1,170,26,"[""блокада"", ""ленинград"", ""блокада ленинград"", ""прорыв блокада"", ""прорыв"", ""подписываться главное"", ""освобождение"", ""январь"", ""полный освобождение"", ""блокадный""]",Общество,Историческая память и мемориальные события,Годовщины снятия блокады Ленинграда,Общество -> Историческая память и мемориальные события -> Годовщины снятия блокады Ленинграда,"Ядро посвящено торжественно-траурным мероприятиям в Санкт-Петербурге, приуроченным к 80-летию прорыва и 79-летию полного освобождения Ленинграда от блокады.","Периферия затрагивает связанные с блокадой подарки ветеранам в Ленинградской области и международные мероприятия, связанные с Днем Победы и символами мира.",False,0.92,12,11,3
2023-H1,171,26,"[""северный"", ""небо"", ""наблюдать"", ""явление"", ""облако"", ""полярный"", ""необычный"", ""небесный"", ""фото"", ""ночью""]",Наука,Атмосферные и астрономические явления,Наблюдение редких небесных явлений,Наука -> Атмосферные и астрономические явления -> Наблюдение редких небесных явлений,"Ядро посвящено наблюдению редких атмосферных явлений, таких как северное сияние и необычные тени, в различных регионах.","Периферия содержит упоминания о живописных ландшафтах (рисовые террасы) и необычных облаках, напоминающих глаз.",True,1.0,15,9,2
2023-H1,172,26,"[""госдолг"", ""сша"", ""потолок"", ""долг"", ""конгресс"", ""минфин"", ""доллар"", ""трлн"", ""триллион"", ""триллион доллар""]",Экономика,Государственные финансы и долг,Проблемы государственного долга развитых стран,Экономика -> Государственные финансы и долг -> Проблемы государственного долга развитых стран,Ядро сфокусировано на приближающемся исчерпании лимита государственных заимствований (потолка госдолга) в США и необходимости его повышения Конгрессом.,"Периферия обсуждает долгосрочные экономические риски США, включая долговые обязательства перед другими странами и общие экономические проблемы, упоминая мнения Илона Маска.",False,0.92,14,8,4
2023-H1,173,25,"[""препарат"", ""лекарство"", ""аптека"", ""перечень"", ""пациент"", ""таблетка"", ""лечение"", ""медикамент"", ""гепатит"", ""дефицит""]",Общество,Здравоохранение и медицина,Обеспечение населения лекарственными препаратами,Общество -> Здравоохранение и медицина -> Обеспечение населения лекарственными препаратами,Ядро кластера фокусируется на проблемах дефицита и перебоев с поставками жизненно важных лекарств в аптеках.,Периферия затрагивает общие рекомендации по использованию препаратов и начало поставок специфических лекарств для лечения редких заболеваний.,True,0.9166666666666666,4,14,7
2023-H1,174,25,"[""безработица"", ""уровень безработица"", ""исторический минимум"", ""уровень"", ""минимум"", ""малоимущий"", ""исторический"", ""росстат"", ""продолжительность"", ""показатель""]",Экономика,Рынок труда и доходы населения,Динамика безработицы и занятости,Экономика -> Рынок труда и доходы населения -> Динамика безработицы и занятости,Ядро сфокусировано на достижении исторического минимума уровня безработицы в России и сокращении числа зарегистрированных безработных по данным Росстата.,"Периферия затрагивает как дальнейшее снижение безработицы, так и смежные социальные показатели, такие как ожидаемая продолжительность жизни и борьба с бедностью.",False,1.0,13,7,5
2023-H1,175,25,"[""зерно"", ""фермер"", ""венгрия"", ""польша"", ""украинский зерно"", ""транзит"", ""ввоз"", ""сельский хозяйство"", ""импорт"", ""польский""]",Экономика,Международная торговля и сельское хозяйство,Проблемы экспорта и импорта агропродукции,Экономика -> Международная торговля и сельское хозяйство -> Проблемы экспорта и импорта агропродукции,"Ядро сфокусировано на конфликте вокруг транзита и ограничений на ввоз украинского зерна в страны ЕС, в частности, Польшу, из-за протестов местных фермеров.",Периферия обсуждает прогнозы по сокращению производства пшеницы на Украине и общие объемы экспорта сельхозпродукции.,False,1.0,17,7,1
2023-H1,176,24,"[""контрнаступление"", ""всу"", ""арестович"", ""бежать"", ""марьинка"", ""матвийчук"", ""войско"", ""наступление"", ""нато"", ""азов""]",Безопасность,Вооружённые конфликты,Ход боевых действий и военные операции,Безопасность -> Вооружённые конфликты -> Ход боевых действий и военные операции,Ядро сфокусировано на попытках украинских войск прорвать оборону и ожидании/подготовке к контрнаступлению на различных направлениях.,"Периферия затрагивает утечки планов обороны, заявления официальных лиц о возможных отступлениях и исторические решения командования.",False,1.0,11,10,3
2023-H1,177,24,"[""конфликт"", ""сша"", ""крым"", ""киев"", ""украина"", ""вашингтон"", ""politico"", ""президент сша"", ""блинкен"", ""конгресс""]",Международные отношения,Внешняя политика и безопасность,Взаимодействие с постсоветским пространством,Международные отношения -> Внешняя политика и безопасность -> Взаимодействие с постсоветским пространством,"Обсуждение сроков и перспектив украинского контрнаступления, а также роли США в поддержке Украины и Крыма.",Критика в адрес предложений по увековечиванию памяти украинского президента в Конгрессе США.,True,1.0,19,4,1
2023-H1,178,24,"[""солдат"", ""украинский"", ""пленный"", ""военнопленный"", ""пулемёт"", ""передовой"", ""командование"", ""новобранец"", ""плен"", ""всу""]",Безопасность,Вооружённые конфликты,Состояние личного состава и военнопленные,Безопасность -> Вооружённые конфликты -> Состояние личного состава и военнопленные,"Ядро кластера фокусируется на внутренних проблемах в украинской армии, включая случаи неповиновения, низкую подготовку новобранцев и нежелание идти на передовую.","Периферия продолжает тему низкого качества подготовки мобилизованных и их последующего попадания в плен, а также освещает отношение к военным ресурсам противника.",False,0.9,8,16,0
2023-H1,179,24,"[""ипотека"", ""ипотечный"", ""ставка"", ""кредит"", ""льготный"", ""заёмщик"", ""банк"", ""программа"", ""жильё"", ""годовой""]",Экономика,Финансовые рынки и кредитование,Государственное регулирование ипотечного кредитования,Экономика -> Финансовые рынки и кредитование -> Государственное регулирование ипотечного кредитования,"Ядро сфокусировано на обсуждении мер государственной поддержки ипотеки, рисков, связанных с льготными программами, и изменении условий кредитования.","Периферия затрагивает статистику средних ставок, портрет заемщика и последствия изменения первоначального взноса.",False,1.0,12,9,3
2023-H1,180,24,"[""вселенная"", ""конкурс"", ""титул"", ""представительница"", ""победительница"", ""анна"", ""корона"", ""обладательница"", ""финал"", ""россиянка""]",Культура,Конкурсы красоты и талантов,Международные конкурсы красоты,Культура -> Конкурсы красоты и талантов -> Международные конкурсы красоты,"Ядро посвящено победам и участию россиянок в международных конкурсах красоты, таких как «Мисс Россия» и «Мисс Вселенная».","Периферия описывает различные достижения, включая рекорды в спорте, гимнастике и цирковом искусстве, а также поздравления спортсменов.",True,0.83,7,9,8
2023-H1,181,24,"[""луна"", ""увидеть"", ""небо"", ""смочь увидеть"", ""явление"", ""скопление"", ""яркий"", ""комета"", ""наблюдать"", ""соединение""]",Наука,Астрономия и космос,Наблюдения за небесными телами,Наука -> Астрономия и космос -> Наблюдения за небесными телами,"Ядро посвящено видимому сближению (соединению) планет (Венера, Юпитер, Сатурн) и Луны, которое можно наблюдать с Земли или МКС.","Периферия затрагивает темы пролёта астероида, кометы и наблюдения за обратной стороной Луны.",True,1.0,9,11,4
2023-H1,182,24,"[""мошенник"", ""мошеннический"", ""злоумышленник"", ""банк"", ""код"", ""карта"", ""смс"", ""клиент"", ""схема"", ""втб""]",Общество,Финансовое мошенничество,Схемы обмана с использованием банковских услуг,Общество -> Финансовое мошенничество -> Схемы обмана с использованием банковских услуг,"Ядро сфокусировано на новых схемах банковского мошенничества, включая вербовку жертв для обналичивания украденных средств и предложения кредитов по низкой ставке.","Периферия затрагивает случаи мошенничества с использованием государственных карт (Пушкинская карта) и общие случаи телефонного мошенничества, а также упоминает инцидент с оператором связи.",False,1.0,13,10,1
2023-H1,183,23,"[""станция"", ""поезд"", ""метро"", ""ладожский"", ""станция метро"", ""закрытие"", ""пионерский"", ""наземный"", ""вестибюль"", ""ремонт""]",Общество,Транспортная инфраструктура,Ремонт и закрытие станций метрополитена,Общество -> Транспортная инфраструктура -> Ремонт и закрытие станций метрополитена,"Ядро посвящено временному закрытию станций метрополитена (в частности, «Ладожская» и «Пионерская») для проведения капитального ремонта.","Периферия обсуждает изменение графика движения поездов на наземных железнодорожных линиях (МЦД, электрички) из-за строительных работ.",True,1.0,16,6,1
2023-H1,184,23,"[""коран"", ""швеция"", ""стокгольм"", ""сожжение"", ""мусульманин"", ""шведский"", ""турция"", ""посольство"", ""сжечь"", ""акция""]",Политика,Международные отношения и дипломатия,Религиозно-политические инциденты и их влияние на союзы,Политика -> Международные отношения и дипломатия -> Религиозно-политические инциденты и их влияние на союзы,"Ядро сфокусировано на приостановке вступления Швеции в НАТО из-за протестов Турции, вызванных сожжением Корана шведским экстремистом.","Периферия касается реакции главы Татарстана на сожжение Корана, произошедшее в Нидерландах.",False,1.0,18,4,1
2023-H1,185,23,"[""свалка"", ""мусорный"", ""волгоград"", ""краснооктябрьский"", ""отход"", ""волгоградец"", ""мусор"", ""район волгоград"", ""редакция"", ""краснооктябрьский район""]",Общество,Жилищно-коммунальное хозяйство,Проблемы обращения с отходами,Общество -> Жилищно-коммунальное хозяйство -> Проблемы обращения с отходами,Жители Волгограда жалуются на несанкционированные свалки и скопление мусора в Краснооктябрьском районе.,На периферии обсуждается ликвидация крупной свалки в другом регионе и протесты жителей Волгограда против строительства у кладбища.,False,0.9166666666666666,9,4,10
2023-H1,186,23,"[""патриарх"", ""прекращение огонь"", ""рождественский"", ""перемирие"", ""патриарх московский"", ""московский весь"", ""весь русь"", ""прекращение"", ""русь"", ""кирилл""]",Общество,Религиозные инициативы и заявления,Призывы к перемирию в православные праздники,Общество -> Религиозные инициативы и заявления -> Призывы к перемирию в православные праздники,"Ядро кластера фокусируется на введении и реакции на прекращение огня в зоне боевых действий, инициированное в связи с Рождеством.",Периферия затрагивает более широкие заявления Патриарха Кирилла о глобальных угрозах и его призывы к прекращению вражды.,False,1.0,11,8,4
2023-H1,187,22,"[""тревога"", ""прозвучать"", ""радиостанция"", ""ложный"", ""радио"", ""сообщение"", ""фейк"", ""воздушный тревога"", ""сигнал тревога"", ""эфир""]",Безопасность,Информационная безопасность и угрозы,Распространение ложных сигналов тревоги и сообщений,Безопасность -> Информационная безопасность и угрозы -> Распространение ложных сигналов тревоги и сообщений,"Ядро кластера посвящено инцидентам с ложными сигналами воздушной тревоги, прозвучавшими в эфире радиостанций и телеканалов.","Периферия затрагивает другие типы фейковых сообщений, включая ошибки в телеэфире и опровержения слухов о подготовке к военному положению.",False,1.0,14,5,3
2023-H1,188,22,"[""сад"", ""растение"", ""цветок"", ""цвести"", ""расцвести"", ""тропический"", ""липа"", ""полюбоваться"", ""сорт"", ""длина""]",Общество,Городская среда и досуг,Сезонное цветение и городские сады,Общество -> Городская среда и досуг -> Сезонное цветение и городские сады,"Ядро кластера посвящено весеннему цветению декоративных растений (яблони, сирень, тюльпаны) в столичных парках и садах.",Периферия упоминает создание нового Японского сада в Краснодаре как необычной достопримечательности.,False,1.0,4,17,1
2023-H1,189,22,"[""акула"", ""пляж"", ""египет"", ""генконсульство"", ""нападение"", ""турист"", ""напасть"", ""тело"", ""поймать"", ""рыба""]",Происшествия,Опасные инциденты с животными,Нападения акул на людей,Происшествия -> Опасные инциденты с животными -> Нападения акул на людей,Власти подтвердили гибель гражданина РФ в результате нападения акулы на курорте в Египте.,В периферии обсуждаются случаи употребления акул в пищу и инциденты с поимкой крупной рыбы.,True,1.0,14,6,2
2023-H1,190,22,"[""сша"", ""мид"", ""замглавы мид"", ""рябок"", ""договор"", ""вашингтон"", ""замглавы"", ""диалог"", ""вооружение"", ""баллистический ракета""]",Политика,Международные отношения,Договоры и диалог о вооружениях,Политика -> Международные отношения -> Договоры и диалог о вооружениях,Заместитель главы МИД РФ Сергей Рябков комментирует приостановку Россией участия в ДСНВ из-за деструктивной политики США.,Российские дипломатические представительства в США сталкиваются с препятствиями и критикуют заявления Вашингтона по ряду вопросов.,True,1.0,12,6,4
2023-H1,191,22,"[""финляндия"", ""швеция"", ""вступление"", ""нато"", ""вступление нато"", ""турция"", ""альянс"", ""финляндия нато"", ""анкара"", ""вступить нато""]",Безопасность,Международные военные союзы,Расширение НАТО на Скандинавию,Безопасность -> Международные военные союзы -> Расширение НАТО на Скандинавию,"Ядро посвящено одобрению и подписанию законов о вступлении Финляндии и Швеции в НАТО ключевыми участниками, включая Турцию и Финляндию.","Периферия затрагивает последние препятствия и разногласия, связанные с одобрением заявок Швеции и Финляндии на вступление в НАТО со стороны Венгрии и Турции.",False,1.0,13,7,2
2023-H1,192,22,"[""байден"", ""трамп"", ""киев"", ""джо байден"", ""джо"", ""сша"", ""визит"", ""гарантия"", ""президент сша"", ""украина""]",Политика,Международные отношения,Визиты и заявления лидеров США по Восточной Европе,Политика -> Международные отношения -> Визиты и заявления лидеров США по Восточной Европе,"Ядро сфокусировано на визите президента США Джо Байдена в Киев и получении им гарантий безопасности, что комментируется российскими официальными лицами.","Периферия затрагивает другие аспекты американской внешней политики, включая прошлые заявления Трампа и роль Нуланд в расширении НАТО.",True,1.0,9,8,5
2023-H1,193,22,"[""путин подписать"", ""подписать закон"", ""подписать"", ""закон"", ""исполнительный"", ""путин"", ""владимир путин"", ""подписать президент"", ""владимир"", ""закон который""]",Государственное управление,Законотворчество и правоприменение,Подписание и вступление в силу нормативных актов,Государственное управление -> Законотворчество и правоприменение -> Подписание и вступление в силу нормативных актов,"Ядро кластера посвящено подписанию Владимиром Путиным законов, касающихся уголовно-исполнительного кодекса и контрактной службы.","Периферия затрагивает подписание указов о введении внешнего управления на предприятиях и упрощенном получении гражданства для контрактников, а также закон о счетчиках.",False,0.95,13,9,0
2023-H1,194,22,"[""самарский"", ""канал россия"", ""эфир"", ""самара"", ""анонс"", ""самарский область"", ""канал"", ""адвокат"", ""гтрк самара"", ""гтрк""]",Медиа и Коммуникации,Региональное вещание и контент,Программная сетка и анонсы местных СМИ,Медиа и Коммуникации -> Региональное вещание и контент -> Программная сетка и анонсы местных СМИ,"Ядро сфокусировано на анонсах и содержании программ местных СМИ Самарской области, касающихся права, бизнеса и социальных проектов региона.","Периферия содержит информацию о лекции по психологии и карьере, что слабо связано с медийным контентом ядра.",True,0.95,13,8,1
2023-H1,195,21,"[""забастовка"", ""великобритания"", ""британский"", ""инфляция"", ""риш"", ""британец"", ""сунак"", ""туалетный"", ""врач"", ""королевство""]",Экономика,Социально-экономические проблемы,Внутренние кризисы и протесты,Экономика -> Социально-экономические проблемы -> Внутренние кризисы и протесты,"Ядро сфокусировано на забастовках работников (врачей, учителей) и правительственных мерах по борьбе с инфляцией в Великобритании под руководством Риши Сунака.","Периферия затрагивает политические карикатуры и сравнения социальных проблем с другими странами (ЮАР), но сохраняет фокус на британской политической элите.",False,0.92,9,7,5
2023-H1,196,21,"[""контрнаступление"", ""киев"", ""разведка"", ""кирилл"", ""гур"", ""украина"", ""украинский"", ""минобороны украина"", ""интервью"", ""офис""]",Безопасность,Военные операции и разведка,Подготовка и ход наступательных действий,Безопасность -> Военные операции и разведка -> Подготовка и ход наступательных действий,Ядро кластера сфокусировано на заявлениях украинского руководства (включая ГУР и Минобороны) о готовности к контрнаступлению и причастности украинской разведки к инцидентам в РФ.,"Периферия обсуждает аналитику провалов контрнаступления, изменение сроков его начала и кадровые перестановки в окружении высших должностных лиц.",False,0.95,9,9,3
2023-H1,197,21,"[""облако"", ""выбросить"", ""камчатка"", ""выброс"", ""ключ"", ""высота"", ""ран"", ""посёлок"", ""индонезия"", ""километр""]",Происшествия,Стихийные бедствия и природные явления,Вулканическая активность и её последствия,Происшествия -> Стихийные бедствия и природные явления -> Вулканическая активность и её последствия,"Ядро посвящено мощному извержению вулкана Шивелуч на Камчатке, его высоте и выпадению пепла в окрестных посёлках.","Периферия затрагивает извержения других вулканов (Эбеко, Попокатепетль) и долгосрочные последствия пеплопада вблизи Ключей.",False,1.0,12,9,0
2023-H1,198,20,"[""застройка"", ""построить"", ""проект"", ""курорт"", ""строительство"", ""санаторий"", ""комплекс"", ""здание"", ""возвести"", ""намерить""]",Экономика,Инвестиции и Девелопмент,Проекты жилой и рекреационной застройки,Экономика -> Инвестиции и Девелопмент -> Проекты жилой и рекреационной застройки,"В ядре обсуждается получение разрешений и планы по строительству небоскребов в рамках проекта ""Екатеринбург-Сити"".","Периферия затрагивает планы по строительству крупных деловых центров за рубежом, а также проекты застройки курортных и санаторных зон.",True,1.0,2,8,10
2023-H1,199,20,"[""мальчик"", ""голова"", ""эскалатор"", ""ребёнок"", ""зажать"", ""мексиканский"", ""аттракцион"", ""травма голова"", ""отец"", ""больница""]",Общество,Чрезвычайные происшествия,Травмы и несчастные случаи с детьми,Общество -> Чрезвычайные происшествия -> Травмы и несчастные случаи с детьми,"Ядро описывает инцидент с 11-летним мальчиком, чья голова застряла в эскалаторе на станции МЦК, в результате чего он получил серьёзные травмы и был госпитализирован.","Периферия включает случаи госпитализации школьников с травмами головы, обрушение моста с пострадавшими детьми в Финляндии и падение мужчины на вокзале.",True,0.9,3,14,3
2023-H1,200,20,"[""белый дом"", ""белый"", ""причастный"", ""кирби"", ""сша"", ""джон кирби"", ""безопасность белый"", ""коммуникация совет"", ""координатор стратегический"", ""стратегический коммуникация""]",Международные отношения,Официальные заявления и коммуникации,Позиция администрации США по инцидентам,Международные отношения -> Официальные заявления и коммуникации -> Позиция администрации США по инцидентам,"Ядро сфокусировано на официальных опровержениях Белым домом причастности США к крупным инцидентам, таким как взрывы на «Северных потоках» и мятеж в России.","Периферия продолжает тему официальных заявлений США через спикеров (Джон Кирби) относительно инцидентов, включая причастность к ударам по Ирану и убийству военкора.",False,0.95,10,10,0
2023-H1,201,20,"[""новый год"", ""праздник"", ""отмечать"", ""календарь"", ""лунный календарь"", ""старый новый"", ""лунный"", ""кролик"", ""ночь январь"", ""год праздник""]",Общество,Традиции и праздники,Новогодние и связанные с ними торжества,Общество -> Традиции и праздники -> Новогодние и связанные с ними торжества,"Ядро сфокусировано на праздновании Старого Нового года и начале празднования Китайского Нового года, связанного с лунным календарем.","Периферия затрагивает общие темы празднования Нового года, новогоднего стола и завершения китайских праздничных мероприятий.",False,1.0,10,4,6
2023-H1,202,20,"[""март год"", ""кислота"", ""частица"", ""экспедиция"", ""секс"", ""ухо"", ""чудо"", ""японский"", ""март"", ""поведение""]",Наука и Общество,Научные открытия и факты,"Смешанные темы: история, биология, личное","Наука и Общество -> Научные открытия и факты -> Смешанные темы: история, биология, личное","Ключевые слова ядра (март, кислота, частица, экспедиция, секс, ухо, чудо, японский, поведение) указывают на набор разрозненных, но потенциально сенсационных или необычных тем.","Периферия содержит исторические факты, связанные с датами (март, 6 марта, 1943 год), географическими открытиями (экспедиция Магеллана) и необычными научными утверждениями (польза секса).",True,0.75,10,0,10
2023-H1,203,19,"[""поезд"", ""интервал"", ""движение поезд"", ""дептранс"", ""upd движение"", ""движение"", ""интервал движение"", ""увеличить"", ""обратный направление"", ""линия""]",Общество,Транспортные проблемы,Сбои и задержки в движении общественного транспорта,Общество -> Транспортные проблемы -> Сбои и задержки в движении общественного транспорта,Ядро посвящено увеличению интервалов движения поездов в Московском метрополитене из-за инцидентов на путях.,Периферия описывает задержки и остановки движения поездов на различных линиях Московского метро и МЦД по техническим причинам или из-за действий пассажиров.,False,1.0,15,4,0
2023-H1,204,19,"[""баррель"", ""лондонский"", ""биржа"", ""цена нефть"", ""нефть"", ""опуститься"", ""цена"", ""впервые"", ""опуститься ниже"", ""марка""]",Экономика,Финансовые рынки и сырье,Динамика цен на нефть,Экономика -> Финансовые рынки и сырье -> Динамика цен на нефть,"Ядро фокусируется на колебаниях цены на нефть марки Brent на Лондонской бирже, включая моменты её падения ниже определённых порогов.",Периферия затрагивает прогнозы стоимости нефти и влияние цен на внутренние российские рынки топлива и резервы.,False,1.0,16,1,2
2023-H1,205,19,"[""татарский"", ""владлен"", ""владлен татарский"", ""теракт"", ""дарья"", ""фомин"", ""военкор"", ""который погибнуть"", ""украинский спецслужба"", ""спецслужба""]",Происшествия,Террористическая деятельность,Теракты против общественных деятелей,Происшествия -> Террористическая деятельность -> Теракты против общественных деятелей,"Ядро посвящено теракту в Санкт-Петербурге, в результате которого погиб военкор Владлен Татарский (Максим Фомин), организованному, по версии следствия, украинскими спецслужбами.",Периферия затрагивает детали розыска подозреваемых в убийстве Татарского и приводит исторический пример другого теракта.,False,1.0,10,7,2
2023-H1,206,19,"[""сбой"", ""сбой работа"", ""сервис"", ""яндекс"", ""сервис яндекс"", ""пользователь"", ""социальный сеть"", ""работа"", ""проблема"", ""сеть""]",Общество,Информационные технологии и связь,Сбои в работе интернет-сервисов и социальных сетей,Общество -> Информационные технологии и связь -> Сбои в работе интернет-сервисов и социальных сетей,"Ядро кластера посвящено сообщениям о массовых сбоях в работе популярных российских интернет-сервисов, таких как «ВКонтакте» и сервисы «Яндекс».",Периферия затрагивает проблемы с доступом к отдельным сервисам («Яндекс.Музыка») и упоминает запуск российских аналогов систем отслеживания сбоев.,False,0.95,10,9,0
2023-H1,207,19,"[""аксинья гурьянов"", ""аксинья"", ""гурьянов"", ""aksinia blognews"", ""aksinia"", ""гурьянов aksinia"", ""blognews"", ""стрим"", ""быть обсуждать"", ""суперчат""]",Политика,Международные отношения и геополитика,Анализ глобальных и региональных политических процессов,Политика -> Международные отношения и геополитика -> Анализ глобальных и региональных политических процессов,"Ядро кластера сосредоточено на стримах с участием Аксиньи Гурьяновой, где обсуждаются актуальные международные и внутриполитические темы с экспертами.",Периферия затрагивает обсуждение вероятности развития украинского сценария в Грузии на основе экспертных мнений.,False,1.0,15,3,1
2023-H1,208,18,"[""сообщить кремль"", ""кремль"", ""кремль путин"", ""разговор"", ""путин"", ""контакт"", ""двусторонний"", ""асад"", ""путин президент"", ""президент""]",Политика,Международные отношения,Контактная дипломатия на высшем уровне,Политика -> Международные отношения -> Контактная дипломатия на высшем уровне,Ядро посвящено телефонным разговорам и контактам Президента России Владимира Путина с лидерами других государств по вопросам двусторонних отношений и внутренней стабильности.,"Периферия затрагивает встречи и обсуждение переговорных процессов, в частности, стамбульского договора и посредничества в урегулировании конфликтов.",False,1.0,14,2,2
2023-H1,209,18,"[""мощь"", ""георгий"", ""святой"", ""собор"", ""всероссийский"", ""святыня"", ""небесный"", ""кафедральный собор"", ""кафедральный"", ""покровитель""]",Общество,Религия и духовность,Православные святыни и обряды,Общество -> Религия и духовность -> Православные святыни и обряды,Ядро сфокусировано на проведении Всероссийского молебна о Победе с принесением мощей святого Георгия Победоносца в российских городах.,Периферия описывает прибытие других христианских святынь (пояс Богородицы) в кафедральные соборы и участие мусульман в праздничной молитве.,True,1.0,13,0,5
2023-H1,210,18,"[""приложение"", ""google"", ""недоступный"", ""сервис"", ""знакомство"", ""магазин"", ""россия июнь"", ""установленный"", ""левобережный"", ""продолжать работать""]",Экономика,Цифровые сервисы и IT,Ограничения доступа к мобильным приложениям,Экономика -> Цифровые сервисы и IT -> Ограничения доступа к мобильным приложениям,"Ядро посвящено уходу или недоступности популярных приложений для знакомств (Tinder) и банковских сервисов в российских магазинах приложений (App Store, Google Play).","Периферия затрагивает возвращение картографического сервиса, риски мошенничества из-за блокировки банковского приложения и удаление игр из магазинов приложений.",False,1.0,7,7,4
2023-H1,211,18,"[""алкоголь"", ""сельский поселение"", ""продажа алкоголь"", ""поселение"", ""сельский"", ""запрет"", ""продажа"", ""продавать"", ""розничный продажа"", ""запретить""]",Общество,Регулирование розничной торговли,Ограничения на продажу алкоголя,Общество -> Регулирование розничной торговли -> Ограничения на продажу алкоголя,"Власти различных регионов России вводят временные запреты на продажу алкоголя, приуроченные к праздничным датам или событиям.",Власти в одном из регионов пересматривают ранее установленные радиусы запрета на продажу алкоголя вблизи образовательных или военных учреждений.,False,1.0,14,3,1
2023-H1,212,17,"[""курский область"", ""курский"", ""обстрел"", ""роман"", ""сообщить губернатор"", ""результат обстрел"", ""село"", ""губернатор"", ""обстрел сторона"", ""сторона всу""]",Безопасность,Вооружённые конфликты,Обстрелы приграничных территорий,Безопасность -> Вооружённые конфликты -> Обстрелы приграничных территорий,"В Курской области зафиксированы обстрелы приграничных населенных пунктов со стороны ВСУ, о чем регулярно сообщает губернатор Роман Старовойт.","В Курской области зафиксированы обстрелы приграничных населенных пунктов со стороны ВСУ, о чем регулярно сообщает губернатор Роман Старовойт.",False,1.0,17,0,0
2023-H1,213,17,"[""новость этот"", ""главный новость"", ""вечерний москва"", ""вечерний"", ""этот час"", ""москва"", ""час"", ""главный"", ""этот"", ""метро""]",Общество,Городская среда и инфраструктура,Новости транспорта и благоустройства Москвы,Общество -> Городская среда и инфраструктура -> Новости транспорта и благоустройства Москвы,"Ядро сфокусировано на ежедневных новостях Москвы, касающихся работы мэрии (Собянин), развития метрополитена и городских сервисов.","Периферия расширяет фокус на анонсы строительства новых станций метро и включает общие происшествия, связанные с Москвой или Московской областью.",False,1.0,15,2,0
2023-H1,214,17,"[""байден"", ""секретный"", ""секретный документ"", ""документ"", ""джо байден"", ""джо"", ""бумага"", ""президент сша"", ""обнаружить"", ""аналитический центр""]",Политика,Внутренняя политика и расследования,Секретные документы и компромат,Политика -> Внутренняя политика и расследования -> Секретные документы и компромат,"В ядре обсуждается обнаружение секретных документов, связанных с вице-президентством Джо Байдена, и реакция на это со стороны Конгресса США.",В основной части кластера рассматриваются обвинения против Джо Байдена и признание вины его сыном Хантером Байденом по налоговым и другим делам.,False,1.0,13,4,0
2023-H1,215,16,"[""мошенничество"", ""мошенничество особо"", ""концерн"", ""арестовать"", ""автоматика"", ""особо крупный"", ""отправить домашний"", ""дело мошенничество"", ""крупный размер"", ""арест""]",Происшествия,Финансовые и экономические преступления,Дела о мошенничестве и хищениях в госкорпорациях,Происшествия -> Финансовые и экономические преступления -> Дела о мошенничестве и хищениях в госкорпорациях,Гендиректор концерна «Автоматика» арестован по обвинению в мошенничестве при разработке антенных комплексов.,"В периферии рассматриваются дела о мошенничестве, закрытие дел за отсутствием состава преступления и отъезд фигурантов громких дел из страны.",False,1.0,1,10,5
2023-H1,216,15,"[""пермь"", ""планировать завершить"", ""завершить"", ""подписываться"", ""аукцион"", ""оформление"", ""монтаж"", ""горнолыжный"", ""изготовление"", ""благоустройство""]",Общество,Городское и инфраструктурное развитие,Муниципальные закупки и благоустройство,Общество -> Городское и инфраструктурное развитие -> Муниципальные закупки и благоустройство,Ядро кластера посвящено проведению аукционов и оформлению городского декоративного убранства (включая новогоднее) в Перми.,"Периферия затрагивает завершение строительных работ (зоопарк, мост) и реставрацию объектов, а также оформление ландшафтных экспозиций.",False,1.0,3,10,2
2023-H1,217,15,"[""пляж"", ""проба"", ""водоём"", ""зона отдых"", ""купание"", ""озеро"", ""кама"", ""отдых"", ""зона"", ""вода""]",Общество,Городская среда и досуг,Организация зон отдыха и купания,Общество -> Городская среда и досуг -> Организация зон отдыха и купания,В Москве открываются и готовятся к сезону городские пляжи и зоны отдыха с бассейнами и инфраструктурой.,"В регионах (Прикамье, Самара, Сочи) проверяют качество воды и песка, а также готовят пляжную инфраструктуру к сезону.",False,1.0,9,3,3
2023-H1,218,14,"[""тагил"", ""нижний тагил"", ""воздух"", ""нижний"", ""замер"", ""выброс"", ""вещество"", ""превышение"", ""tagilcityru"", ""вредный""]",Общество,Экология и окружающая среда,Загрязнение воздуха промышленными выбросами,Общество -> Экология и окружающая среда -> Загрязнение воздуха промышленными выбросами,"Ядро посвящено регулярным замерам и жалобам жителей Нижнего Тагила на превышение концентрации вредных веществ, таких как диоксид азота, в воздухе города.","Периферия затрагивает общие проблемы загрязнения воздуха в других регионах (Башкирия, Екатеринбург) и административные нарушения, связанные с палом травы в Новосибирской области.",True,1.0,10,3,1
2023-H1,219,14,"[""сталинград"", ""переименование"", ""волгоград"", ""референдум"", ""опрос"", ""волгоградец"", ""переименовать"", ""название"", ""ленин"", ""житель волгоград""]",Общество,Городская среда и топонимика,Обсуждение переименования населённых пунктов,Общество -> Городская среда и топонимика -> Обсуждение переименования населённых пунктов,Ядро кластера сосредоточено на обсуждении возможности и процедуре проведения референдума о переименовании Волгограда обратно в Сталинград.,Периферия кластера сообщает о фактическом изменении дорожных знаков с «Волгоград» на «Сталинград» на въездах в город.,False,1.0,12,2,0
2023-H1,220,14,"[""трибуна"", ""обрушение"", ""ленинградский область"", ""цирк"", ""канал"", ""пострадать"", ""представление"", ""поставщик"", ""ленинградский"", ""зритель""]",Происшествия,Обрушения и травмы,Обрушение временных конструкций со зрителями,Происшествия -> Обрушения и травмы -> Обрушение временных конструкций со зрителями,"Ядро посвящено случаям обрушения трибун в спортивных учреждениях (Ростов-на-Дону), повлекшим пострадавших и гибель людей.",Периферия упоминает обрушение трибуны во время представления цирка в Ленинградской области и реакцию властей на другие инциденты с аттракционами.,False,1.0,7,6,1
2023-H1,221,13,"[""рынок"", ""производитель"", ""отечественный"", ""компонент"", ""россия прошлый"", ""зарубежный"", ""смартфон"", ""минпромторг"", ""устройство"", ""участник рынок""]",Экономика,Промышленность и производство,Импортозамещение и локализация технологий,Экономика -> Промышленность и производство -> Импортозамещение и локализация технологий,Участники рынка обсуждают рост стоимости зарубе equipment и необходимость доработки системы оценки отечественных компонентов в условиях санкций.,"На периферии обсуждаются падение продаж техники ушедших брендов, планы Минпромторга по ограничению параллельного импорта и разработка отечественных смартфонов.",False,1.0,4,4,5
2023-H1,222,13,"[""женский день"", ""женский"", ""международный женский"", ""март"", ""праздник"", ""женщина"", ""поздравлять"", ""прекрасный"", ""день"", ""март день""]",Общество,Праздники и традиции,Международный женский день и гендерные поводы,Общество -> Праздники и традиции -> Международный женский день и гендерные поводы,"Ядро посвящено празднованию Международного женского дня 8 марта, его значению и поздравлениям.","Периферия включает упоминание инцидента, связанного с празднованием женского дня, и обсуждение другого праздника (Татьянин день).",True,1.0,9,2,2
2023-H1,223,12,"[""служба контракт"", ""отбор"", ""контракт"", ""военный служба"", ""служба"", ""балашиха"", ""пункт"", ""контрактник"", ""кандидат"", ""московский областной""]",Общество,Военная служба и набор персонала,Отбор и набор на военную службу по контракту,Общество -> Военная служба и набор персонала -> Отбор и набор на военную службу по контракту,"В Московской области активно работают пункты отбора на военную службу по контракту, которые посещают и обучаются кандидаты.","На периферии обсуждается подготовка добровольцев и народных дружин в различных регионах России, а также личные истории, связанные с военной службой.",True,1.0,7,2,3
2023-H1,224,12,"[""труд"", ""согласие"", ""опека"", ""общественно"", ""школьник"", ""законопроект"", ""первый чтение"", ""чтение"", ""госдума"", ""воспитание""]",Общество,Образование и труд молодёжи,Законодательные инициативы в сфере воспитания и занятости школьников,Общество -> Образование и труд молодёжи -> Законодательные инициативы в сфере воспитания и занятости школьников,"Ядро сфокусировано на законопроектах, касающихся введения общественно полезного труда для школьников и упрощения трудоустройства подростков (включая отмену согласия опеки).",Периферия затрагивает общие вопросы работы с подростками (разрешение на труд без опеки) и смежные темы в образовании (альтернатива ЕГЭ).,False,1.0,6,4,2
2023-H1,225,12,"[""белгород"", ""гладков"", ""вячеслав гладков"", ""вячеслав"", ""губернатор вячеслав"", ""воронка"", ""губернатор"", ""бпнуть"", ""повреждение"", ""сообщить губернатор""]",Происшествия,Чрезвычайные ситуации и инциденты,Последствия инцидентов и ЧС в приграничных регионах,Происшествия -> Чрезвычайные ситуации и инциденты -> Последствия инцидентов и ЧС в приграничных регионах,"Власти Белгородской области сообщают о падении беспилотников, обнаружении авиабомбы и образовании воронки в результате инцидентов.","В элитном ЖК Белгорода произошел крупный пожар, начавшийся в котельной на крыше.",False,1.0,11,1,0
2023-H1,226,12,"[""шествие"", ""шествие бессмертный"", ""парад"", ""бессмертный"", ""соображение безопасность"", ""очный"", ""бессмертный полка"", ""соображение"", ""бессмертный полк"", ""сообщить организатор""]",Общество,Массовые мероприятия и традиции,Изменения в проведении памятных шествий,Общество -> Массовые мероприятия и традиции -> Изменения в проведении памятных шествий,Ядро посвящено отмене очного формата шествия «Бессмертный полк» в различных регионах России в 2023 году по соображениям безопасности.,"Периферия затрагивает отмену других массовых мероприятий, таких как первомайские шествия и парады Победы без военной техники.",False,1.0,10,2,0
2023-H1,227,11,"[""евдокимов"", ""шесть год"", ""приговорить"", ""командир"", ""шереметьево"", ""жёсткий посадка"", ""денис"", ""сгореть"", ""посадка"", ""прокурор""]",Происшествия,Судебные разбирательства и приговоры,Приговоры за нарушение правил безопасности и диверсии,Происшествия -> Судебные разбирательства и приговоры -> Приговоры за нарушение правил безопасности и диверсии,Командир самолета Денис Евдокимов получил шесть лет колонии-поселения за жесткую посадку SSJ-100 в Шереметьево в 2019 году.,"Периферия описывает различные уголовные дела, связанные с насилием, поджогами и подготовкой диверсий.",True,1.0,4,4,3
2023-H1,228,11,"[""бастрыкин"", ""александр бастрыкин"", ""контроль"", ""процессуальный"", ""проверка"", ""поручить"", ""взять контроль"", ""центральный аппарат"", ""аварийный"", ""поручить возбудить""]",Государственное управление,Контроль и надзор за соблюдением законодательства,Реакция высших должностных лиц на нарушения,Государственное управление -> Контроль и надзор за соблюдением законодательства -> Реакция высших должностных лиц на нарушения,"Председатель СК РФ Александр Бастрыкин лично берёт на контроль и поручает проведение проверок и возбуждение дел по фактам нарушений, поступающим из регионов.","В периферии рассматриваются конкретные случаи нарушений, связанные с жилищными условиями (аварийное жильё) и безопасностью социальных учреждений (пансионаты), а также строительные нарушения.",False,0.9,8,0,3
2023-H1,229,11,"[""шопинг"", ""бренд"", ""бутик"", ""ольга"", ""модный"", ""корейский"", ""выгодно"", ""ворошиловский"", ""яркий"", ""коллекция""]",Общество,Потребление и стиль жизни,"Мода, шопинг и тренды","Общество -> Потребление и стиль жизни -> Мода, шопинг и тренды","Ядро сфокусировано на обзорах модной одежды, трендах сезона и советах стилистов по выбору конкретных предметов гардероба.","Периферия затрагивает выгодный шопинг, рекомендации по покупке корейских брендов и общие советы по стилю в контексте торговых центров.",False,0.91,5,6,0
2023-H1,230,11,"[""предприятие"", ""нпз"", ""церемония награждение"", ""награждение"", ""куйбышевский"", ""церемония"", ""техникум"", ""ответственный"", ""кровь"", ""лицей""]",Экономика,Деятельность промышленных предприятий,Социальная ответственность и взаимодействие с регионом,Экономика -> Деятельность промышленных предприятий -> Социальная ответственность и взаимодействие с регионом,Ядро сфокусировано на наградах за экологическую ответственность и сотрудничестве крупного предприятия (ТОАЗ) с местными образовательными учреждениями.,Периферия описывает донорскую акцию сотрудников предприятия и церемонии награждения социально ответственных компаний.,False,1.0,8,3,0
2023-H1,231,11,"[""юар"", ""африканский"", ""африка"", ""мирный"", ""президент"", ""страна африка"", ""урегулирование"", ""посланник"", ""устав оон"", ""миссия""]",Политика,Международные отношения,Дипломатические инициативы урегулирования конфликтов,Политика -> Международные отношения -> Дипломатические инициативы урегулирования конфликтов,"Президент ЮАР инициировал мирную миссию африканских стран для урегулирования конфликта между Россией и Украиной, получив предварительное согласие сторон.","Африканская делегация обсуждает с Россией и Западом условия диалога, включая соблюдение Устава ООН, на фоне растущего влияния Глобального Юга.",False,1.0,8,3,0
2023-H1,232,11,"[""клубника"", ""ягода"", ""возить"", ""литр"", ""малина"", ""поливать"", ""вырастить"", ""продавец"", ""каждый неделя"", ""низкий цена""]",Общество,Потребление и сельское хозяйство,Сезонная торговля и выращивание ягод,Общество -> Потребление и сельское хозяйство -> Сезонная торговля и выращивание ягод,Ядро сфокусировано на советах по выбору свежей клубники и информации о её происхождении в начале сезона.,"Периферия затрагивает низкие цены и еженедельные поставки клубники и малины, а также общие советы по садоводству и покупке ранних арбузов.",False,1.0,4,2,5
2023-H1,233,11,"[""эксперимент"", ""просрочить"", ""маркировка"", ""продукция"", ""товар"", ""косметика"", ""сертификат"", ""минпромторг"", ""молочный"", ""органический""]",Экономика,Регулирование рынка и торговли,Системы контроля качества и маркировки товаров,Экономика -> Регулирование рынка и торговли -> Системы контроля качества и маркировки товаров,"Ядро сфокусировано на внедрении механизмов автоматического контроля сроков годности и борьбы с нелегальной продукцией (просрочка, псевдоорганическая косметика) через маркировку и сертификацию.","Периферия затрагивает эксперименты по дистанционной продаже маркированной продукции, в частности, российского вина, через государственные сервисы.",True,1.0,7,4,0
2023-H1,234,11,"[""трамвайный"", ""новый автобус"", ""транспорт"", ""вокзал"", ""троллейбус"", ""автобус"", ""трамвайный путь"", ""общественный транспорт"", ""маршрут"", ""белорусский""]",Общество,Городская инфраструктура и транспорт,Обновление и развитие общественного транспорта,Общество -> Городская инфраструктура и транспорт -> Обновление и развитие общественного транспорта,"Ядро посвящено модернизации путей и закупке нового подвижного состава (трамваи, троллейбусы, автобусы) для общественного транспорта в различных городах.","Периферия затрагивает запуск трамвайных маршрутов, закупку новых автобусов и ремонт железнодорожных вокзалов.",False,1.0,5,2,4
2023-H1,235,10,"[""банк"", ""перевод"", ""спб"", ""клиент"", ""гонконг"", ""биржа"", ""австрийский"", ""валютный"", ""swift"", ""российский банк""]",Экономика,Финансовые операции и банкинг,Международные банковские переводы и санкционные ограничения,Экономика -> Финансовые операции и банкинг -> Международные банковские переводы и санкционные ограничения,"Ядро сфокусировано на ограничениях, налагаемых на российские банки, в частности, на прекращении корреспондентских отношений с западными банками (например, Raiffeisenbank) и проблемах с использованием системы SWIFT.",Периферия затрагивает последствия санкций для клиентов (отмена комиссий по картам UnionPay) и вопросы работы бирж с активами из недружественных юрисдикций (Гонконг).,True,1.0,5,3,2
2023-H1,236,10,"[""истец"", ""здание"", ""снести"", ""снос"", ""застройщик"", ""связать это"", ""градостроительство"", ""суд петербург"", ""исторический здание"", ""сносить""]",Общество,Градостроительство и недвижимость,Снос зданий и застройка,Общество -> Градостроительство и недвижимость -> Снос зданий и застройка,"Ядро посвящено судебным и градостроительным спорам о сносе зданий, в том числе исторических, в Санкт-Петербурге для реализации строительных проектов.",Периферия затрагивает планы по сносу жилых домов в Нижнем Новгороде и вопросы согласования граффити в Петербурге.,False,1.0,0,6,4
2023-H1,237,10,"[""новость вокруг"", ""вокруг украина"", ""вокруг"", ""описать"", ""наступление"", ""украинец"", ""колонка"", ""матвийчук"", ""попов"", ""рассказать""]",Безопасность,Военные конфликты и аналитика,Ход и перспективы российско-украинского конфликта,Безопасность -> Военные конфликты и аналитика -> Ход и перспективы российско-украинского конфликта,"Ядро сфокусировано на анализе текущего хода специальной военной операции, прогнозах наступлений и оценках действий ключевых политических и военных фигур.","Периферия продолжает освещать военные события, включая прогнозы наступлений и экспертные колонки о развитии ситуации.",False,0.95,10,0,0
2024-H1,0,992,"[""животное"", ""собака"", ""зоопарк"", ""кот"", ""хозяин"", ""кошка"", ""медведь"", ""пёс"", ""питомец"", ""птица""]",Общество,Животные и обращение с ними,Происшествия и судьбы домашних и диких животных,Общество -> Животные и обращение с ними -> Происшествия и судьбы домашних и диких животных,"Ядро кластера фокусируется на инцидентах с домашними животными (коты, кошки), требующих спасения или связанных с их необычным поведением.","Периферия охватывает более широкий спектр тем, включая жестокое обращение с животными (убийство собаки), вопросы регулирования бездомных животных (эвтаназия) и гибель диких животных (тигрица).",True,0.99,0,23,969
2024-H1,1,988,"[""пожар"", ""мчс"", ""возгорание"", ""гореть"", ""пожарный"", ""огонь"", ""загореться"", ""площадь"", ""здание"", ""квадратный""]",Происшествия,Чрезвычайные ситуации и ликвидация последствий,Пожары и возгорания,Происшествия -> Чрезвычайные ситуации и ликвидация последствий -> Пожары и возгорания,"В ядре кластера доминируют сообщения о крупных промышленных и нежилых пожарах, где ключевыми параметрами являются площадь возгорания и работа спасательных служб.","Периферия включает сообщения о пожарах различного типа (включая лесные и на НПЗ), а также упоминания эвакуации и внешних факторов, влияющих на тушение.",False,1.0,5,248,735
2024-H1,2,811,"[""путин"", ""владимир путин"", ""владимир"", ""кндр"", ""президент"", ""ким"", ""чен"", ""ким чен"", ""визит"", ""корея""]",Политика,Международные отношения,Визиты и двусторонние отношения глав государств,Политика -> Международные отношения -> Визиты и двусторонние отношения глав государств,Визит Владимира Путина в КНДР и его ключевые заявления о сотрудничестве с Северной Кореей.,"Прочие внешнеполитические и внутренние события с участием Владимира Путина, включая переговоры с Лукашенко и поздравления военнослужащим.",True,0.95,23,360,428
2024-H1,3,664,"[""врач"", ""организм"", ""рак"", ""заболевание"", ""продукт"", ""способ"", ""здоровье"", ""назвать"", ""упражнение"", ""симптом""]",Общество,Здоровье и медицина,Профилактика и лечение заболеваний,Общество -> Здоровье и медицина -> Профилактика и лечение заболеваний,"Ядро сфокусировано на советах врачей по управлению симптомами, питанию и гигиене для поддержания здоровья организма.","Периферия затрагивает кардиологические проблемы, новые методы лечения и влияние бытовых факторов (например, газовых плит) на здоровье.",False,0.95,0,51,613
2024-H1,4,659,"[""маршрут"", ""улица"", ""движение"", ""транспорт"", ""строительство"", ""автобус"", ""участок"", ""трамвай"", ""ремонт"", ""метро""]",Общество,Городская инфраструктура и транспорт,Ремонт и изменение схем движения транспорта,Общество -> Городская инфраструктура и транспорт -> Ремонт и изменение схем движения транспорта,"Ядро сфокусировано на реконструкции участков улиц, введении пешеходных режимов и изменении маршрутов общественного транспорта из-за дорожных работ.","Периферия затрагивает благоустройство улиц застройщиками, закупку новых автобусов и обновление парка трамваев.",False,0.95,0,29,630
2024-H1,5,614,"[""мужчина"", ""избить"", ""нож"", ""подросток"", ""девушка"", ""ударить"", ""убийство"", ""полиция"", ""напасть"", ""задержать""]",Происшествия,Насильственные преступления,Нападения и причинение вреда здоровью,Происшествия -> Насильственные преступления -> Нападения и причинение вреда здоровью,"Ядро кластера фокусируется на случаях насилия с применением оружия или физической силы, часто с участием несовершеннолетних или молодых людей, и последующем вмешательстве правоохранительных органов.","Периферия описывает различные бытовые конфликты, драки и случаи физического насилия между взрослыми, включая избиения и семейное насилие.",False,0.95,0,31,583
2024-H1,6,568,"[""взятка"", ""иванов"", ""суд"", ""особо крупный"", ""крупный размер"", ""получение"", ""арестовать"", ""следствие"", ""арест"", ""тимур""]",Общество,Коррупция и правонарушения,Дела о получении взяток должностными лицами,Общество -> Коррупция и правонарушения -> Дела о получении взяток должностными лицами,"Ядро сфокусировано на деле заместителя министра обороны Тимура Иванова, обвиняемого в получении взятки в особо крупном размере.","Периферия затрагивает другие случаи коррупции, включая взятки в Минобороны, а также случаи вымогательства и коррупции в ФСИН и местных администрациях.",False,1.0,12,98,458
2024-H1,7,536,"[""самолёт"", ""аэропорт"", ""рейс"", ""авиакомпания"", ""пассажир"", ""борт"", ""посадка"", ""пилот"", ""полёт"", ""boeing""]",Происшествия,Авиация и транспорт,Инциденты и происшествия с гражданскими самолётами,Происшествия -> Авиация и транспорт -> Инциденты и происшествия с гражданскими самолётами,"В ядре кластера преобладают сообщения об аварийных посадках, тревогах и поломках пассажирских самолётов в российских аэропортах.","Периферия охватывает более широкий спектр событий, включая закрытие аэропортов, инциденты с персоналом авиакомпаний и пропажу самолётов.",False,1.0,9,142,385
2024-H1,8,517,"[""израиль"", ""иран"", ""израильский"", ""нетаньяху"", ""сектор газ"", ""хамас"", ""сектор"", ""палестинский"", ""газа"", ""палестина""]",Международные отношения,Геополитические конфликты и кризисы,Конфликт на Ближнем Востоке,Международные отношения -> Геополитические конфликты и кризисы -> Конфликт на Ближнем Востоке,Ядро сфокусировано на эскалации напряженности между Ираном и Израилем после атаки на иранское консульство в Дамаске и реакции мировых держав.,"Периферия описывает ответные действия сторон конфликта, включая ракетные обстрелы, международное давление (санкции, признание Палестины) и участие третьих стран.",False,1.0,19,169,329
2024-H1,9,513,"[""матч"", ""команда"", ""клуб"", ""сборная"", ""чемпионат"", ""счёт"", ""тренер"", ""кубок"", ""лига"", ""футболист""]",Спорт,Командные виды спорта,Профессиональный футбол,Спорт -> Командные виды спорта -> Профессиональный футбол,В ядре обсуждаются результаты и ход матчей российских футбольных клубов в рамках внутренних соревнований.,"На периферии освещаются результаты матчей по хоккею, а также общие новости о тренерах и фанатах европейского футбола.",True,0.95,0,21,492
2024-H1,10,421,"[""сызрань"", ""сызранский"", ""дорога"", ""свет"", ""житель"", ""готовиться"", ""центр"", ""завтра"", ""тушить"", ""арка""]",Общество,Городская инфраструктура и ЖКХ,Местные проблемы и происшествия в малых городах,Общество -> Городская инфраструктура и ЖКХ -> Местные проблемы и происшествия в малых городах,"Ядро кластера фокусируется на бытовых проблемах жителей Сызрани, таких как отключения света и состояние дорог.","Периферия расширяет тематику до поломок нового благоустройства, криминальных инцидентов и происшествий на воде в том же регионе.",False,1.0,8,131,282
2024-H1,11,366,"[""главный событие"", ""главный"", ""этот час"", ""утренний"", ""главный новость"", ""новость утро"", ""украина"", ""дневный"", ""сша"", ""утро""]",Политика,Актуальные международные и внутренние события,Ежедневная сводка главных новостей,Политика -> Актуальные международные и внутренние события -> Ежедневная сводка главных новостей,"Ядро сфокусировано на сводках главных новостей утра и вечера, касающихся военных действий (Украина, обстрелы), внутренней политики и экономики РФ.","Периферия представляет собой общие подборки новостей дня, включающие кадровые перестановки в высших эшелонах власти РФ и локальные происшествия.",False,0.95,108,199,59
2024-H1,12,349,"[""гладков"", ""белгородский"", ""белгородский область"", ""вячеслав гладков"", ""вячеслав"", ""сообщить губернатор"", ""пострадать"", ""губернатор"", ""обстрел"", ""атаковать""]",Безопасность,Последствия военных действий,Обстрелы приграничных регионов РФ,Безопасность -> Последствия военных действий -> Обстрелы приграничных регионов РФ,"Губернатор Вячеслав Гладков регулярно сообщает о последствиях обстрелов и атаках на населенные пункты Белгородской области, включая повреждения инфраструктуры и пострадавших среди мирного населения.","Власти и общественность реагируют на долгосрочные последствия атак, включая лечение пострадавших и возобновление работы гражданских объектов.",False,1.0,223,84,42
2024-H1,13,303,"[""кандидатура"", ""мишустин"", ""назначить"", ""пост"", ""должность"", ""министр"", ""правительство"", ""белоусов"", ""указ"", ""белоус""]",Политика,Государственное управление,Кадровые перестановки в высших органах власти,Политика -> Государственное управление -> Кадровые перестановки в высших органах власти,Ядро сфокусировано на предложении президента о назначении Андрея Белоусова на пост министра обороны и других перестановках в правительстве.,"Периферия описывает процесс утверждения кандидатов в вице-премьеры и министры парламентом, включая переназначение Лаврова.",False,1.0,21,81,201
2024-H1,14,303,"[""ипотека"", ""жильё"", ""квартира"", ""льготный"", ""недвижимость"", ""цена"", ""новостройка"", ""льготный ипотека"", ""рынок"", ""аренда""]",Экономика,Финансовые рынки и кредитование,Рынок жилой недвижимости и ипотека,Экономика -> Финансовые рынки и кредитование -> Рынок жилой недвижимости и ипотека,"Ядро сфокусировано на динамике спроса, ценах и влиянии отмены льготной ипотеки на рынке новостроек.","Периферия затрагивает рост цен на элитное жилье, региональные особенности аренды и покупку недвижимости за рубежом.",True,0.99,23,131,149
2024-H1,15,271,"[""умереть"", ""театр"", ""скончаться"", ""смерть"", ""уткин"", ""прощание"", ""год жизнь"", ""актёр"", ""жизнь"", ""причина смерть""]",Общество,Смертность и некрологи,Смерть известных личностей,Общество -> Смертность и некрологи -> Смерть известных личностей,"Ядро кластера посвящено известиям о смерти известных деятелей культуры, таких как актёры и театральные деятели, включая упоминания прощаний.","Периферия расширяет тему, включая сообщения о причинах смерти, лечении и похоронах различных публичных персон, не только связанных с театром.",False,0.95,0,28,243
2024-H1,16,268,"[""трамп"", ""байден"", ""дональд трамп"", ""дональд"", ""президент сша"", ""джо"", ""джо байден"", ""дебаты"", ""сша"", ""президент""]",Политика,Избирательные процессы,Президентские кампании в США,Политика -> Избирательные процессы -> Президентские кампании в США,Ядро сфокусировано на предвыборной борьбе и заявлениях кандидатов Джо Байдена и Дональда Трампа перед выборами президента США.,"Периферия затрагивает юридические проблемы Трампа, бытовые инциденты с Байденом и его администрацией, а также заявления, не связанные напрямую с дебатами или кампанией.",True,0.95,20,107,141
2024-H1,17,258,"[""боец"", ""сво"", ""вечорк"", ""медаль"", ""боевой"", ""военкор"", ""позывной"", ""герой"", ""наградить"", ""противник""]",Безопасность,Вооружённые конфликты,Участники и ход боевых действий,Безопасность -> Вооружённые конфликты -> Участники и ход боевых действий,"Ядро посвящено героизму и подвигам отдельных военнослужащих, участвующих в СВО.","Периферия описывает как личные подвиги военнослужащих, так и сопутствующую деятельность, например, работу военных корреспондентов и гуманитарную помощь.",False,0.98,2,107,149
2024-H1,18,257,"[""выборы"", ""выборы президент"", ""голосование"", ""избирательный"", ""избирательный участок"", ""избиратель"", ""явка"", ""проголосовать"", ""участок"", ""президент""]",Политика,Избирательные процессы,Президентские выборы,Политика -> Избирательные процессы -> Президентские выборы,В ядре обсуждается ход и предварительные итоги явки на выборах президента России.,"Периферия фокусируется на деталях процесса голосования, включая явку в отдельных регионах и работу наблюдательных центров.",False,0.95,31,125,101
2024-H1,19,242,"[""розыск"", ""иноагент"", ""объявить розыск"", ""терроризм"", ""заочно"", ""минюст"", ""оправдание"", ""признать иноагент"", ""признать"", ""заочно арестовать""]",Безопасность,Правоохранительная деятельность,Уголовное преследование и розыск публичных лиц,Безопасность -> Правоохранительная деятельность -> Уголовное преследование и розыск публичных лиц,"Ядро посвящено внесению известных личностей (журналистов, писателей) в списки террористов/экстремистов, объявлению их в розыск и заочному аресту по обвинениям, связанным с дискредитацией власти или оправданием терроризма.","Периферия также описывает объявления в розыск по делам, связанным с терроризмом или фейками, но включает более широкий круг лиц, в том числе не столь известных.",False,0.95,9,81,152
2024-H1,20,236,"[""путин"", ""поручить"", ""путин поручить"", ""нацпроект"", ""экономика"", ""владимир путин"", ""мишустин"", ""развитие"", ""владимир"", ""правительство""]",Политика,Государственное управление и развитие,Реализация национальных проектов и стратегических инициатив,Политика -> Государственное управление и развитие -> Реализация национальных проектов и стратегических инициатив,Ядро сфокусировано на Послании Президента Федеральному Собранию и анонсированных им новых национальных проектах и стратегиях развития.,"Периферия затрагивает отдельные экономические показатели (безработица) и меры социальной поддержки (материнский капитал), которые являются частью общего курса правительства.",False,0.95,68,97,71
2024-H1,21,232,"[""дтп"", ""водитель"", ""авария"", ""пострадать"", ""автомобиль"", ""легковушка"", ""врезаться"", ""сбить"", ""столкновение"", ""столкнуться""]",Происшествия,Дорожно-транспортные происшествия,Аварии с пострадавшими и материальным ущербом,Происшествия -> Дорожно-транспортные происшествия -> Аварии с пострадавшими и материальным ущербом,Ядро кластера описывает серьёзные дорожно-транспортные происшествия с участием легковых автомобилей и наличием пострадавших.,"Периферия расширяет тему, включая ДТП с участием пешеходов, а также инциденты с отскочившими деталями транспортных средств.",False,0.98,2,98,132
2024-H1,22,217,"[""орск"", ""дамба"", ""оренбургский"", ""оренбургский область"", ""оренбург"", ""паводок"", ""вода"", ""урал"", ""уровень вода"", ""прорыв""]",Происшествия,Чрезвычайные ситуации природного характера,Масштабные паводки и наводнения,Происшествия -> Чрезвычайные ситуации природного характера -> Масштабные паводки и наводнения,"Власти и МЧС предпринимают экстренные меры по спасению и эвакуации жителей Орска и Оренбургской области, пострадавших от прорыва дамбы и подъема воды.","Федеральные власти обсуждают ситуацию с паводками в других регионах, а также приводятся общие сводки по числу подтопленных домов в России.",False,0.95,72,81,64
2024-H1,23,213,"[""крокус"", ""теракт"", ""дело теракт"", ""теракт крокус"", ""террорист"", ""фигурант"", ""фигурант дело"", ""сити холл"", ""холл"", ""крокус сити""]",Безопасность,Терроризм и борьба с ним,Расследование терактов,Безопасность -> Терроризм и борьба с ним -> Расследование терактов,Ядро сфокусировано на судебном аресте и продлении сроков содержания под стражей фигурантов дела о теракте в «Крокус Сити Холле».,"Периферия описывает детали задержания, допросов и обнаружения мест проживания исполнителей теракта.",False,0.95,36,104,73
2024-H1,24,210,"[""олимпийский"", ""спортсмен"", ""валиев"", ""олимпиада"", ""париж"", ""игра"", ""мокнуть"", ""турнир"", ""олимпийский игра"", ""нейтральный""]",Спорт,Международные соревнования,Допуск российских спортсменов на Олимпийские игры,Спорт -> Международные соревнования -> Допуск российских спортсменов на Олимпийские игры,"Ядро сфокусировано на решениях МОК, запрещающих или ограничивающих участие российских и белорусских спортсменов в Олимпийских играх в Париже, включая отказ в участии в церемонии открытия.","Периферия затрагивает последствия дисквалификации Камилы Валиевой и общие вопросы допуска спортсменов, включая сравнение с ситуацией китайских пловцов.",False,0.95,19,78,113
2024-H1,25,207,"[""откровенный"", ""сняться"", ""знаменитость"", ""наряд"", ""предстать"", ""фигура"", ""платье"", ""показать"", ""актриса"", ""запретить""]",Культура,СМИ и медиа,Образы знаменитостей и мода,Культура -> СМИ и медиа -> Образы знаменитостей и мода,Знаменитости демонстрируют откровенные наряды и фигуры на публичных мероприятиях или в рамках фотосессий.,"Жизнь знаменитостей, включая их внешний вид, прошлые фото и реакцию общественности на их образы.",False,0.95,22,101,84
2024-H1,26,192,"[""фильм"", ""сериал"", ""режиссёр"", ""роль"", ""актёр"", ""кино"", ""картина"", ""оскар"", ""главный роль"", ""хороший""]",Культура,Кинематограф и сериалы,"Обзоры, новости и награды индустрии","Культура -> Кинематограф и сериалы -> Обзоры, новости и награды индустрии","Ядро сфокусировано на оценке качества отдельных фильмов, новостях об актерах и номинациях на престижные кинопремии.","Периферия охватывает анонсы новых сезонов сериалов, биографические справки о кинозвездах и анонсы спин-оффов известных франшиз.",False,0.99,0,7,185
2024-H1,27,191,"[""дагестан"", ""махачкала"", ""дербент"", ""боевик"", ""нападение"", ""террорист"", ""церковь"", ""полицейский"", ""контртеррористический операция"", ""контртеррористический""]",Безопасность,Терроризм и контртеррористические операции,Атаки на силовые структуры и религиозные объекты,Безопасность -> Терроризм и контртеррористические операции -> Атаки на силовые структуры и религиозные объекты,"Ядро описывает нападения боевиков на полицейских и гражданских лиц в Махачкале, включая инциденты с укрытием людей в храме.",Периферия касается введения режима 'Сирена' в соседних регионах и призывов ФСБ не распространять фейки о ходе контртеррористической операции (КТО).,False,0.95,24,45,122
2024-H1,28,189,"[""крокус"", ""теракт"", ""теракт крокус"", ""пострадать теракт"", ""крокус сити"", ""сити"", ""сити холл"", ""холл"", ""пострадать"", ""результат теракт""]",Происшествия,Массовые инциденты,Теракты и их последствия,Происшествия -> Массовые инциденты -> Теракты и их последствия,"В ядре обсуждаются первые сообщения о нападении на «Крокус Сити Холл», количестве жертв и пострадавших, а также организация помощи.","На периферии обсуждаются долгосрочные последствия теракта, включая рекомендации по списанию долгов пострадавшим и сбор средств для помощи семьям погибших.",False,1.0,105,46,38
2024-H1,29,187,"[""пропасть"", ""поиск"", ""местонахождение"", ""волонтёр"", ""отряд"", ""чёрный"", ""искать"", ""одетый"", ""волос"", ""телефон""]",Общество,Поиск пропавших людей,Деятельность поисково-спасательных отрядов,Общество -> Поиск пропавших людей -> Деятельность поисково-спасательных отрядов,В ядре кластера сообщается о поиске несовершеннолетних подростков в Башкирии силами добровольческого отряда.,Периферия содержит информацию о завершении поисковых операций и о пропаже детей в различных регионах.,False,1.0,1,66,120
2024-H1,30,182,"[""дтп"", ""водитель"", ""погибнуть"", ""авария"", ""трасса"", ""смертельный"", ""автомобиль"", ""скончаться"", ""столкнуться"", ""легковушка""]",Происшествия,Дорожно-транспортные происшествия,Смертельные ДТП на федеральных трассах и дорогах,Происшествия -> Дорожно-транспортные происшествия -> Смертельные ДТП на федеральных трассах и дорогах,Ядро кластера посвящено смертельным дорожно-транспортным происшествиям (ДТП) с участием легковых автомобилей на федеральных трассах.,"Периферия описывает более широкий спектр ДТП, включая аварии с участием грузовиков и происшествия в городской черте, но также с летальным исходом.",False,0.95,42,97,43
2024-H1,31,181,"[""автомобиль"", ""lada"", ""автоваз"", ""модель"", ""китайский"", ""машина"", ""авто"", ""продажа"", ""кроссовер"", ""бренд""]",Экономика,Автомобильный рынок,Динамика продаж и ценообразование на рынке легковых автомобилей,Экономика -> Автомобильный рынок -> Динамика продаж и ценообразование на рынке легковых автомобилей,"Ядро сфокусировано на росте продаж новых легковых автомобилей в России, где лидируют отечественные Lada и растет доля китайских брендов.","Периферия охватывает как объявления о продаже подержанных автомобилей разных марок, так и общие мировые тенденции экспорта автомобилей из Китая.",True,0.95,3,45,133
2024-H1,32,175,"[""пво"", ""сообщить минобороны"", ""украинский беспилотник"", ""уничтожить"", ""средство пво"", ""беспилотник"", ""минобороны"", ""белгородский"", ""белгородский область"", ""уничтожить украинский""]",Безопасность,Военные инциденты и угрозы,Применение и перехват БПЛА,Безопасность -> Военные инциденты и угрозы -> Применение и перехват БПЛА,Ядро кластера посвящено сообщениям Минобороны РФ об уничтожении украинских беспилотников средствами ПВО над территорией Белгородской области.,Периферия расширяет географию сообщений об уничтожении или перехвате беспилотников (включая Черное море) и включает инциденты с обезвреживанием БПЛА в других регионах РФ.,False,1.0,142,26,7
2024-H1,33,174,"[""законопроект"", ""госдума"", ""мигрант"", ""запрет"", ""вейп"", ""чтение"", ""внести"", ""иноагент"", ""закон"", ""депутат""]",Политика,Законотворчество и правовое регулирование,Регулирование деятельности иностранных агентов и миграционной политики,Политика -> Законотворчество и правовое регулирование -> Регулирование деятельности иностранных агентов и миграционной политики,"В Госдуме активно обсуждаются и принимаются законы, ужесточающие контроль над иноагентами и регулирующие вопросы миграции.",На периферии обсуждаются предложения депутатов по блокировке контента (TikTok) и введению новых мер наказания (принудительные работы).,False,0.95,11,59,104
2024-H1,34,171,"[""ракетный опасность"", ""ракетный"", ""опасность"", ""белгород"", ""белгородский район"", ""белгород белгородский"", ""белгородский"", ""объявить"", ""опасность объявить"", ""гладков""]",Безопасность,Чрезвычайные ситуации и угрозы,Ракетная опасность и обстрелы в приграничных регионах,Безопасность -> Чрезвычайные ситуации и угрозы -> Ракетная опасность и обстрелы в приграничных регионах,Власти российского региона регулярно объявляют сигнал ракетной опасности в столице региона и прилегающих районах из-за атак.,"Власти региона принимают меры по обеспечению безопасности, включая ограничение въезда, уничтожение взрывоопасных предметов, перевод школ на дистанционное обучение и оснащение техники средствами защиты.",False,0.95,143,9,19
2024-H1,35,166,"[""минобороны"", ""видео минобороны"", ""уничтожить"", ""минобороны россия"", ""поразить"", ""всу"", ""группировка"", ""группировка войско"", ""сообщить минобороны"", ""войско""]",Безопасность,Военные действия,Сводки и результаты боевых действий,Безопасность -> Военные действия -> Сводки и результаты боевых действий,Ядро посвящено официальным сводкам Минобороны РФ об уничтожении и поражении техники и позиций ВСУ различными видами вооружений.,"Периферия включает как официальные сообщения (применение нового вооружения), так и инциденты, связанные с инфраструктурой (НПЗ) и уничтожением западных систем ПВО.",False,0.98,91,64,11
2024-H1,36,162,"[""мошенник"", ""схема"", ""злоумышленник"", ""жертва"", ""аферист"", ""деньга"", ""аккаунт"", ""мошенничество"", ""хакер"", ""пользователь""]",Безопасность,Киберпреступность и мошенничество,Финансовое и цифровое мошенничество,Безопасность -> Киберпреступность и мошенничество -> Финансовое и цифровое мошенничество,"Ядро кластера сосредоточено на предупреждениях о новых схемах мошенничества, нацеленных на пользователей через социальные сети, банковские системы и имитацию государственных органов.","Периферия затрагивает разработку банками новых сервисов для борьбы с мошенниками, а также менее связанные с прямым финансовым обманом инциденты, такие как взлом бытовой техники.",False,0.98,32,73,57
2024-H1,37,160,"[""святой"", ""православный"", ""христос"", ""храм"", ""праздник"", ""пасха"", ""великий"", ""веровать"", ""христов"", ""церковь""]",Общество,Религия и верования,Православные праздники и обряды,Общество -> Религия и верования -> Православные праздники и обряды,Ядро сфокусировано на праздновании Пасхи (Светлого Христова Воскресения) и упоминании храмов и священнослужителей.,"Периферия охватывает более широкий спектр тем, связанных с православной традицией, включая дни памяти святых, послания Патриарха и исторические события, связанные с православием.",False,0.95,5,47,108
2024-H1,38,160,"[""севастополь"", ""развожай"", ""пляж"", ""ракета"", ""атака"", ""всу севастополь"", ""осколок"", ""атака всу"", ""atacms"", ""губернатор""]",Происшествия,Военные инциденты и их последствия,Последствия ракетных атак на гражданские объекты,Происшествия -> Военные инциденты и их последствия -> Последствия ракетных атак на гражданские объекты,"Ядро сфокусировано на последствиях ракетной атаки ВСУ на Севастополь, включая пострадавших и реакцию властей.","Периферия описывает сопутствующие инциденты и меры безопасности в других регионах Крыма и Новороссийска, а также состояние тяжелораненых, эвакуированных в Москву.",False,0.95,78,43,39
2024-H1,39,158,"[""apple"", ""iphone"", ""смартфон"", ""microsoft"", ""корпорация"", ""интеллект"", ""искусственный интеллект"", ""искусственный"", ""пользователь"", ""устройство""]",Наука,Технологии и гаджеты,Развитие и продукты IT-корпораций,Наука -> Технологии и гаджеты -> Развитие и продукты IT-корпораций,"Ядро сфокусировано на анонсах, характеристиках и потенциальных интеграциях продуктов крупных технологических корпораций, таких как Apple, с новыми технологиями вроде ИИ и нейроинтерфейсов.","Периферия освещает финансовые решения корпораций (выкуп акций) и стратегические изменения в их долгосрочных проектах (отказ от электромобилей), а также вопросы ценообразования на гаджеты.",False,0.95,0,11,147
2024-H1,40,157,"[""отопление"", ""котельная"", ""тепло"", ""подольск"", ""дом"", ""авария"", ""микрорайон"", ""горячий вода"", ""подача"", ""отключение""]",Общество,Жилищно-коммунальное хозяйство,Аварии и отключения систем тепло- и водоснабжения,Общество -> Жилищно-коммунальное хозяйство -> Аварии и отключения систем тепло- и водоснабжения,Ядро сфокусировано на авариях и устранении последствий отключения отопления и горячей воды в жилых домах Подмосковья и других регионов.,"Периферия описывает последствия коммунальных аварий, включая отключения электроснабжения и перевод школ на дистанционное обучение.",True,0.95,30,73,54
2024-H1,41,155,"[""космический"", ""луна"", ""корабль"", ""роскосмос"", ""космодром"", ""запуск"", ""пуск"", ""мкс"", ""миссия"", ""лунный""]",Наука,Космические исследования и технологии,Пилотируемые и автоматические космические миссии,Наука -> Космические исследования и технологии -> Пилотируемые и автоматические космические миссии,Ядро сфокусировано на подготовке и проведении запусков российских пилотируемых и грузовых кораблей с космодромов Байконур и Восточный.,"Периферия охватывает более широкий спектр тем, включая международные лунные миссии, разработку новых российских ракетных двигателей и политические заявления о будущем МКС.",False,0.95,4,39,112
2024-H1,42,155,"[""парад"", ""победа"", ""парад победа"", ""день победа"", ""красный площадь"", ""великий"", ""великий отечественный"", ""отечественный война"", ""годовщина"", ""площадь""]",Общество,Памятные и государственные даты,Празднование Дня Победы,Общество -> Памятные и государственные даты -> Празднование Дня Победы,Ядро кластера сосредоточено на проведении военных парадов на Красной площади и других площадях в честь Дня Победы.,"Периферия описывает сопутствующие мероприятия, такие как концерты, акции памяти («Бессмертный полк») и публикацию тематического контента, приуроченного к годовщине Победы.",False,1.0,19,55,81
2024-H1,43,152,"[""макрон"", ""франция"", ""французский"", ""отправка"", ""президент франция"", ""эммануэль макрон"", ""эммануэль"", ""войско украина"", ""войско"", ""франция эммануэль""]",Политика,Международные отношения,Заявления и инициативы западных лидеров по Украине,Политика -> Международные отношения -> Заявления и инициативы западных лидеров по Украине,Ядро сфокусировано на заявлениях и инициативах президента Франции Эммануэля Макрона относительно возможной отправки войск на Украину и реакции на это.,"Периферия затрагивает поддержку инициатив Макрона другими странами, а также внутренние проблемы во Франции (протесты, визиты президента).",False,0.98,48,61,43
2024-H1,44,151,"[""зарплата"", ""тыс"", ""средний"", ""работодатель"", ""труд"", ""работа"", ""башкирия"", ""рынок труд"", ""средний зарплата"", ""руб""]",Экономика,Рынок труда и занятость,Динамика заработных плат и кадровый дефицит,Экономика -> Рынок труда и занятость -> Динамика заработных плат и кадровый дефицит,"Ядро фокусируется на анализе средней и медианной заработной платы в России, её росте и разрыве между регионами.","Периферия затрагивает рост зарплат для специфических профессий (например, китаистов), общие тренды на рынке труда и региональную активность работодателей.",False,1.0,3,42,106
2024-H1,45,149,"[""градус"", ""температура"", ""погода"", ""минус"", ""синоптик"", ""москва"", ""норма"", ""ожидаться"", ""тепло"", ""плюс""]",Общество,Климат и окружающая среда,Прогнозы погоды и температурные аномалии,Общество -> Климат и окружающая среда -> Прогнозы погоды и температурные аномалии,"Ядро посвящено резкому похолоданию в Москве, падению температуры и прогнозам синоптиков на ближайшие дни.","Периферия затрагивает как аномальную жару в будущем (июль), так и исторические сравнения погоды, а также связанные с похолоданием бытовые вопросы (отключение воды).",False,1.0,83,45,21
2024-H1,46,148,"[""отравление"", ""салат"", ""роспотребнадзор"", ""продукция"", ""отравиться"", ""продукт"", ""еда"", ""массовый"", ""больница"", ""доставка""]",Общество,Здоровье и безопасность потребителей,Массовые отравления и контроль качества продуктов питания,Общество -> Здоровье и безопасность потребителей -> Массовые отравления и контроль качества продуктов питания,"Ядро кластера посвящено проверкам Роспотребнадзора и случаям отравлений, связанных с конкретными продуктами питания, в частности, салатами и доставкой еды.","Периферия затрагивает изъятие испорченной продукции, другие случаи отравлений (включая экстремальные случаи с перцем) и обобщающие выводы о причинах массовых отравлений.",False,0.95,24,44,80
2024-H1,47,144,"[""беглов"", ""александр беглов"", ""губернатор александр"", ""петербург"", ""александр"", ""губернатор"", ""петербургский"", ""город"", ""подписываться главное"", ""развитие""]",Политика,Региональное управление и деятельность властей,Деятельность губернатора Санкт-Петербурга,Политика -> Региональное управление и деятельность властей -> Деятельность губернатора Санкт-Петербурга,"Ядро сфокусировано на отчетах губернатора Санкт-Петербурга Александра Беглова о ключевых задачах городского правительства, таких как поддержка семей и экономическое развитие.","Периферия затрагивает менее централизованные темы, включая городское благоустройство, поздравления губернатору и вопросы гражданской обороны (противогазы).",True,0.98,44,55,45
2024-H1,48,143,"[""должность"", ""пост"", ""отставка"", ""мэр"", ""назначить"", ""начальник"", ""руководитель"", ""занимать"", ""администрация"", ""департамент""]",Политика,Государственное управление,Кадровые перестановки в органах власти,Политика -> Государственное управление -> Кадровые перестановки в органах власти,"Ядро кластера фокусируется на отставках и назначениях на руководящие должности в городской и региональной администрации, включая посты мэров и их заместителей.","Периферия расширяет тему, охватывая возможные отставки глав регионов и назначения руководителей в различных департаментах и комиссиях.",False,0.95,0,15,128
2024-H1,49,142,"[""взрыв"", ""воздушный тревога"", ""тревога"", ""харьков"", ""украина сообщить"", ""прогреметь"", ""сообщить украинский"", ""воздушный"", ""область украина"", ""раздаться""]",Происшествия,Чрезвычайные ситуации и инциденты,Сообщения о взрывах и воздушных тревогах,Происшествия -> Чрезвычайные ситуации и инциденты -> Сообщения о взрывах и воздушных тревогах,"Ядро кластера фокусируется на сообщениях о взрывах и объявлении воздушной тревоги в украинских городах, в частности в Харькове.","Периферия включает инциденты с задымлением на заводе, а также взрывы и тревоги в других географических локациях, включая Иерусалим.",True,0.9,120,11,11
2024-H1,50,141,"[""стрельба"", ""выстрелить"", ""полицейский"", ""мужчина"", ""стрелять"", ""подозревать"", ""убийство"", ""пистолет"", ""открыть стрельба"", ""выстрел""]",Общество,Криминальные происшествия,Применение огнестрельного оружия,Общество -> Криминальные происшествия -> Применение огнестрельного оружия,"Ядро описывает инциденты со стрельбой, преследованием и ликвидацией/задержанием вооруженных преступников, часто с участием полиции.","Периферия включает случаи стрельбы, связанные с заказными убийствами, спорами о парковке, а также административные нарушения стрелков.",False,0.95,5,50,86
2024-H1,51,141,"[""песок"", ""песков"", ""кремль"", ""дмитрий песок"", ""дмитрий"", ""дмитрий песков"", ""заявление"", ""президент дмитрий"", ""заявить песок"", ""брифинг""]",Политика,Государственное управление и коммуникации,Официальные заявления органов власти,Политика -> Государственное управление и коммуникации -> Официальные заявления органов власти,Ядро кластера сфокусировано на ежедневных заявлениях и брифингах пресс-секретаря президента РФ Дмитрия Пескова по актуальным внутри- и внешнеполитическим вопросам.,Периферия затрагивает подтверждение вывода миротворцев из Нагорного Карабаха и неформальные контакты Пескова на международных мероприятиях.,False,0.98,44,76,21
2024-H1,52,139,"[""раися"", ""иран"", ""вертолёт"", ""президент иран"", ""иранский"", ""крушение"", ""президент"", ""гибель"", ""гибель президент"", ""авиакатастрофа""]",Происшествия,Авиационные происшествия,Крушение правительственного борта,Происшествия -> Авиационные происшествия -> Крушение правительственного борта,Ядро кластера сосредоточено на факте крушения вертолета президента Ирана Эбрахима Раиси и подтверждении его гибели.,"Периферия обсуждает международную реакцию, помощь в поисках и детали технического состояния разбившегося вертолета.",False,1.0,58,49,32
2024-H1,53,139,"[""комплекс"", ""дрон"", ""танк"", ""ростёха"", ""модернизированный"", ""беспилотный"", ""разработать"", ""аппарат"", ""калибр"", ""флот""]",Безопасность,Военные технологии и вооружения,Развитие и применение беспилотных систем и бронетехники,Безопасность -> Военные технологии и вооружения -> Развитие и применение беспилотных систем и бронетехники,Ядро сфокусировано на применении и модернизации российских беспилотных летательных аппаратов (дронов) в зоне боевых действий.,"Периферия расширяет тему до разработки новых систем вооружения, включая тяжелые огнеметные системы, а также упоминает нестандартные модификации техники.",False,0.98,4,64,71
2024-H1,54,138,"[""сбой"", ""пользователь"", ""приложение"", ""сервис"", ""мессенджер"", ""telegram"", ""сбой работа"", ""роскомнадзор"", ""работа"", ""app store""]",Общество,Информационные технологии,Сбои и доступность цифровых сервисов,Общество -> Информационные технологии -> Сбои и доступность цифровых сервисов,"Ядро посвящено сбоям в работе мессенджера Telegram и других крупных сервисов на территории России, а также реакции регуляторов.","Периферия затрагивает более широкий спектр тем, включая проблемы с оплатой международных сервисов, недоступность банковских приложений в сторах и судебные разбирательства по блокировке Telegram.",True,1.0,32,36,70
2024-H1,55,137,"[""обстрел"", ""лисичанск"", ""донецк"", ""луганск"", ""лнр"", ""погибнуть"", ""всу"", ""удар"", ""пушилин"", ""пекарня""]",Безопасность,Вооружённые конфликты,Обстрелы гражданской инфраструктуры в зоне боевых действий,Безопасность -> Вооружённые конфликты -> Обстрелы гражданской инфраструктуры в зоне боевых действий,"Ядро посвящено сообщениям о жертвах среди гражданского населения в результате обстрелов Донецка и Лисичанска/Луганска, включая удар по пекарне.","Периферия фокусируется на расследовании последствий ударов ВСУ по гражданским объектам (больница, жилые дома) и оценке общего ущерба Донбассу.",False,1.0,39,69,29
2024-H1,56,137,"[""мошенник"", ""рубль"", ""деньга"", ""обмануть"", ""аферист"", ""миллион рубль"", ""перевести"", ""миллион"", ""тысяча рубль"", ""пенсионерка""]",Общество,Финансовые преступления,Мошенничество с хищением денежных средств,Общество -> Финансовые преступления -> Мошенничество с хищением денежных средств,"Ядро кластера посвящено случаям, когда граждане, включая пенсионеров, переводят крупные суммы денег мошенникам, часто под влиянием обмана.","Периферия описывает более широкий спектр финансовых потерь, включая попытки заработка, приведшие к долгам, и хищения через продажу игровых аккаунтов, но также включает случаи телефонного мошенничества.",False,0.95,8,56,73
2024-H1,57,135,"[""помощь украина"", ""сша"", ""помощь"", ""конгресс"", ""украина"", ""пакет"", ""палата представитель"", ""конгресс сша"", ""законопроект"", ""военный помощь""]",Международные отношения,Финансовая и военная поддержка,Помощь США иностранным государствам,Международные отношения -> Финансовая и военная поддержка -> Помощь США иностранным государствам,Ядро сфокусировано на одобрении и скором выделении крупного пакета военной помощи США Украине Конгрессом и Сенатом.,"Периферия обсуждает критику эффективности этой помощи, вопросы перерасхода средств Пентагоном и продолжающиеся переговоры в Конгрессе по условиям финансирования.",False,0.98,42,61,32
2024-H1,58,135,"[""финляндия"", ""эстония"", ""граница"", ""латвия"", ""литва"", ""финский"", ""граница россия"", ""мид"", ""язык"", ""посольство""]",Международные отношения,Дипломатические и миграционные вопросы,Взаимодействие со странами Балтии и Финляндией,Международные отношения -> Дипломатические и миграционные вопросы -> Взаимодействие со странами Балтии и Финляндией,МИД Эстонии объявил сотрудника российского диппредставительства персоной нон грата.,Обсуждаются вопросы экспорта финскими компаниями товаров военного назначения в Россию и кадровые перестановки в посольствах.,True,0.98,1,37,97
2024-H1,59,133,"[""карлсон"", ""такер"", ""такер карлсон"", ""интервью"", ""интервью путин"", ""американский журналист"", ""журналист"", ""журналист такер"", ""путин"", ""американский""]",Политика,Международные отношения и медиа,Интервью иностранных журналистов с главами государств,Политика -> Международные отношения и медиа -> Интервью иностранных журналистов с главами государств,Ядро сфокусировано на факте и распространении интервью Владимира Путина американскому журналисту Такеру Карлсону.,Периферия затрагивает личные впечатления Такера Карлсона от России (метро) и его медийную активность (создание Telegram-канала).,False,0.95,66,37,30
2024-H1,60,132,"[""крушение"", ""самолёт"", ""пленный"", ""сбить"", ""белгородский область"", ""борт"", ""белгородский"", ""экипаж"", ""военнопленный"", ""обмен""]",Безопасность,Военные инциденты,Авиационные катастрофы с военным участием,Безопасность -> Военные инциденты -> Авиационные катастрофы с военным участием,"Ядро посвящено крушению российского самолета Ил-76 в Белгородской области, перевозившего украинских военнопленных для обмена, и обвинениям в адрес Украины в совершении теракта.","Периферия обсуждает международную реакцию на инцидент, вывоз обломков и предположения о типе примененного вооружения (системы ПВО НАТО).",False,0.95,60,52,20
2024-H1,61,132,"[""актриса"", ""муж"", ""развод"", ""сын"", ""брак"", ""певица"", ""супруг"", ""дочь"", ""звезда"", ""счастливый""]",Культура,Шоу-бизнес и знаменитости,Личная жизнь и отношения медийных персон,Культура -> Шоу-бизнес и знаменитости -> Личная жизнь и отношения медийных персон,"Ядро кластера фокусируется на новостях о личной жизни российских знаменитостей, включая браки, разводы и рождение детей.","Периферия расширяет тему, охватывая личную жизнь мировых знаменитостей, а также более детальные истории о семейных драмах и рождении детей в российском шоу-бизнесе.",False,0.98,0,35,97
2024-H1,62,132,"[""пенсия"", ""пенсионер"", ""индексация"", ""работать пенсионер"", ""индексация пенсия"", ""пенсия работать"", ""выплата"", ""пенсионный"", ""работать"", ""страховой""]",Экономика,Социальное обеспечение и выплаты,Пенсионное обеспечение и индексация,Экономика -> Социальное обеспечение и выплаты -> Пенсионное обеспечение и индексация,Ядро посвящено анонсам и решениям правительства о возобновлении индексации пенсий для работающих пенсионеров и повышении социальных пенсий.,"Периферия затрагивает вопросы получения пенсий самозанятыми, региональные особенности выплат (досрочные выплаты из-за паводка) и разовые выплаты пенсионерам-юбилярам.",False,1.0,54,45,33
2024-H1,63,130,"[""мобилизация"", ""рада"", ""верховный рада"", ""верховный"", ""украина"", ""мобилизовать"", ""депутат"", ""законопроект"", ""украинец"", ""депутат верховный""]",Безопасность,Военная политика и кадровое обеспечение,Вопросы призыва и мобилизации,Безопасность -> Военная политика и кадровое обеспечение -> Вопросы призыва и мобилизации,Ядро посвящено обсуждению потребностей ВСУ в мобилизованных и проблемам с бронированием работников ВПК в Украине.,"Периферия затрагивает темы отъезда российских депутатов на СВО, угроз украинским уклонистам и бесполезности срочников на фронте.",True,0.98,26,58,46
2024-H1,64,129,"[""грузия"", ""закон иноагент"", ""тбилиси"", ""иноагент"", ""закон"", ""грузинский"", ""парламент"", ""кобахидзе"", ""митинг"", ""протестовать""]",Политика,Внутренняя политика и протестная активность,Общественные протесты против законодательных инициатив,Политика -> Внутренняя политика и протестная активность -> Общественные протесты против законодательных инициатив,Ядро посвящено силовому подавлению и вето президента на принятый парламентом закон об иностранных агентах в Грузии.,Периферия описывает задержания оппозиционных лидеров на митингах и заявления премьер-министра Грузии о необходимости деолигархизации Запада.,True,1.0,46,51,32
2024-H1,65,128,"[""цик"", ""харитон"", ""слуцкий"", ""голос"", ""кандидат"", ""выборы президент"", ""николай харитон"", ""выборы"", ""даванк"", ""подпись""]",Политика,Избирательные процессы,Президентские выборы,Политика -> Избирательные процессы -> Президентские выборы,"В ядре кластера обсуждаются предварительные и итоговые результаты голосования на выборах президента РФ, включая процентную долю голосов, полученных лидерами.",На периферии рассматриваются этапы регистрации кандидатов Центральной избирательной комиссией (ЦИК) и утверждение окончательного списка участников выборов.,False,0.95,64,31,33
2024-H1,66,127,"[""швейцария"", ""конференция"", ""саммит"", ""конференция украина"", ""мирный"", ""украина швейцария"", ""саммит украина"", ""украина"", ""переговоры"", ""участие""]",Политика,Международные отношения,Мирные инициативы и переговоры,Политика -> Международные отношения -> Мирные инициативы и переговоры,"Планирование и приглашения на мирную конференцию по Украине, организуемую Швейцарией.","Реакция отдельных стран и сторон конфликта на предстоящую конференцию в Швейцарии, включая вопросы участия и доверия к площадке.",False,0.95,45,46,36
2024-H1,67,127,"[""фестиваль"", ""выставка"", ""выходной"", ""вход"", ""вход свободный"", ""искусство"", ""билет"", ""музыка"", ""подборка"", ""маркет""]",Культура,События и досуг,"Фестивали, выставки и ярмарки","Культура -> События и досуг -> Фестивали, выставки и ярмарки","Ядро посвящено анонсам культурных мероприятий, таких как фестивали, выставки и лекции, с акцентом на планирование досуга.","Периферия описывает прошедшие или текущие выставки и фестивали, включая их содержание и посещаемость.",False,0.95,0,43,84
2024-H1,68,120,"[""фермер"", ""протест"", ""протестовать"", ""польский"", ""аграрий"", ""польша"", ""зерно"", ""граница"", ""франция"", ""акция""]",Экономика,Протестные движения в аграрном секторе,Блокады границ и протесты фермеров в Европе,Экономика -> Протестные движения в аграрном секторе -> Блокады границ и протесты фермеров в Европе,"Ядро кластера посвящено протестным акциям фермеров в Европе, в частности, блокированию дорог и границ из-за недовольства импортом и политикой.","Периферия расширяет контекст, включая призывы Еврокомиссии, влияние блокад на импорт и локальные инциденты, связанные с фермерскими протестами.",False,0.95,30,39,51
2024-H1,69,118,"[""знак"", ""рыба"", ""телец"", ""ваш"", ""близнец"", ""стрелец"", ""лев"", ""рак"", ""весы"", ""перемена""]",Общество,Эзотерика и предсказания,Гороскопы и астрологические прогнозы,Общество -> Эзотерика и предсказания -> Гороскопы и астрологические прогнозы,"Ядро документов фокусируется на краткосрочных предсказаниях удачи, скандалов и финансовых событий для конкретных знаков Зодиака.","Периферия затрагивает более общие астрологические темы, такие как сакральный смысл года, совместимость знаков и влияние астрономических событий (например, полнолуния).",False,0.95,35,48,35
2024-H1,70,116,"[""клещ"", ""заболеваемость"", ""роспотребнадзор"", ""грипп"", ""укус"", ""вирус"", ""инфекция"", ""орви"", ""заболевание"", ""коронавирус""]",Общество,Здравоохранение и эпидемиология,Распространение инфекционных заболеваний и паразитов,Общество -> Здравоохранение и эпидемиология -> Распространение инфекционных заболеваний и паразитов,"В Ростовской области зафиксировано увеличение числа пострадавших от укусов клещей, переносящих заболевания.","Обсуждаются сезонные риски заражения клещами, а также снижение заболеваемости ОРВИ в Ростовской области.",False,1.0,1,42,73
2024-H1,71,115,"[""санкция"", ""пакет"", ""пакет санкция"", ""санкция против"", ""евросоюз"", ""против"", ""антироссийский"", ""антироссийский санкция"", ""ограничение"", ""ввести""]",Экономика,Международные экономические отношения,Рестриктивные меры и ограничения,Экономика -> Международные экономические отношения -> Рестриктивные меры и ограничения,Ядро кластера посвящено принятию и обсуждению новых пакетов санкций Европейским союзом против России.,"Периферия описывает введение санкций и ответных мер другими странами (Канада, Новая Зеландия) и ответные действия России.",False,0.95,39,46,30
2024-H1,72,114,"[""электросамокат"", ""самокат"", ""пдд"", ""мобильность"", ""сие"", ""скорость"", ""нарушение"", ""камера"", ""индивидуальный"", ""правило""]",Общество,Транспорт и мобильность,Регулирование средств индивидуальной мобильности (СИМ),Общество -> Транспорт и мобильность -> Регулирование средств индивидуальной мобильности (СИМ),"Ядро сфокусировано на введении новых правил, ограничений и использовании технологий (ИИ, камеры) для контроля за соблюдением ПДД пользователями электросамокатов.","Периферия затрагивает вопросы применения самокатов в специфических контекстах, таких как зона СВО, и общие тенденции возвращения сервисов кикшеринга с обновленными условиями.",False,1.0,31,45,38
2024-H1,73,114,"[""хусит"", ""красный море"", ""йемен"", ""хуситовый"", ""море"", ""красный"", ""судно"", ""аллах"", ""залив"", ""сша великобритания""]",Безопасность,Военно-морские инциденты,Атаки на судоходство в Красном море,Безопасность -> Военно-морские инциденты -> Атаки на судоходство в Красном море,Ядром кластера являются атаки йеменских хуситов на коммерческие суда в Красном море и ответные действия США и Великобритании.,"Периферия затрагивает сопутствующие инциденты, такие как затопление судна и захват танкера КСИР в Персидском заливе, а также реакцию других сторон на действия в Йемене.",False,0.95,35,41,38
2024-H1,74,112,"[""память"", ""память погибнуть"", ""крокус"", ""мемориал"", ""цветок"", ""крокус сити"", ""сити холл"", ""сити"", ""холл"", ""жертва теракт""]",Общество,Массовые трагедии и скорбь,Реакция на крупный теракт,Общество -> Массовые трагедии и скорбь -> Реакция на крупный теракт,"Ядро кластера посвящено стихийным мемориалам, возложению цветов и актам памяти в различных городах России в связи с недавним терактом.","Периферия описывает более широкие формы увековечивания памяти, включая баннеры, световые инсталляции и благотворительные мероприятия в поддержку жертв теракта.",False,0.95,49,45,18
2024-H1,75,110,"[""захаров"", ""мария захаров"", ""мария"", ""представитель мид"", ""официальный представитель"", ""мид"", ""россия мария"", ""официальный"", ""представитель"", ""мид россия""]",Политика,Международные отношения и дипломатия,Официальные заявления внешнеполитического ведомства,Политика -> Международные отношения и дипломатия -> Официальные заявления внешнеполитического ведомства,Ядро кластера сосредоточено на комментариях Марии Захаровой относительно заявлений западных стран и СМИ по поводу конфликта на Украине и обвинений в адрес России.,"Периферия включает критику Захаровой в адрес Запада по поводу инаугурации президента РФ, оскорблений в его адрес и запроса России в ООН по поводу событий в Буче.",False,1.0,27,49,34
2024-H1,76,110,"[""курс"", ""валюта"", ""доллар"", ""мосбиржа"", ""торг"", ""евро"", ""юань"", ""доллар евро"", ""курс доллар"", ""рубль""]",Экономика,Финансовые рынки,Динамика валютных курсов,Экономика -> Финансовые рынки -> Динамика валютных курсов,"Ядро кластера сосредоточено на ежедневных колебаниях курсов основных иностранных валют (доллар, евро) по отношению к рублю на торгах Московской биржи.","Периферия затрагивает более широкий контекст: прогнозы аналитиков по курсам, влияние санкций на торговлю валютой и долю рубля в международных расчетах.",False,0.95,38,41,31
2024-H1,77,109,"[""сво"", ""погибнуть"", ""проститься"", ""прощание"", ""погибший"", ""боец"", ""зона"", ""зона сво"", ""боевой"", ""погибший сво""]",Безопасность,Вооружённые конфликты,Потери среди личного состава,Безопасность -> Вооружённые конфликты -> Потери среди личного состава,"В ядре кластера сообщается о гибели и прощании с конкретными военнослужащими, участвовавшими в СВО.","Периферия затрагивает темы награждения погибших, а также упоминает смерть известных военных деятелей и спортсменов, связанных с боевыми действиями.",False,0.95,19,58,32
2024-H1,78,108,"[""градус"", ""температура"", ""погода"", ""воздух"", ""петербург"", ""температура воздух"", ""ожидаться"", ""дождь"", ""атмосферный"", ""ветер""]",Общество,Погодные условия и климат,Прогнозы погоды и температурные режимы,Общество -> Погодные условия и климат -> Прогнозы погоды и температурные режимы,"Ядро посвящено прогнозам погоды в Санкт-Петербурге, включая температуру воздуха, осадки (снег, дождь) и ветер.","Периферия содержит как общие прогнозы погоды (осадки, ветер), так и упоминания аномальных явлений (жара, град) в других регионах, помимо основного фокуса.",False,0.95,65,32,11
2024-H1,79,106,"[""налоговый"", ""налог"", ""ндфл"", ""доход"", ""ставка"", ""минфин"", ""шкала"", ""прогрессивный"", ""налоговый система"", ""изменение""]",Экономика,Государственное регулирование,Налоговая политика и реформы,Экономика -> Государственное регулирование -> Налоговая политика и реформы,"Обсуждение и подготовка изменений в российской налоговой системе, включая введение прогрессивной шкалы НДФЛ и повышение других налогов.","Одобрение региональными и федеральными комитетами поправок, касающихся налогов и изменений в бюджете, а также примеры повышения НДС в других странах.",False,0.95,42,33,31
2024-H1,80,106,"[""крокус"", ""пикник"", ""группа пикник"", ""холл"", ""крокус сити"", ""сити холл"", ""сити"", ""концерт"", ""зал"", ""стрельба""]",Происшествия,Массовые инциденты,Теракт в общественном месте,Происшествия -> Массовые инциденты -> Теракт в общественном месте,"В ядре описываются личные истории выживших и свидетелей теракта, произошедшего во время концерта группы «Пикник» в «Крокус Сити Холле».","На периферии обсуждаются последствия теракта, включая гибель конкретных лиц (спортсменка, полковник) и технические аспекты работы систем пожаротушения в здании.",False,0.95,39,42,25
2024-H1,81,106,"[""яйцо"", ""цена"", ""подорожать"", ""куриный"", ""продукт"", ""куриный яйцо"", ""подешеветь"", ""стоимость"", ""вырасти"", ""рост цена""]",Экономика,Потребительские цены и инфляция,Динамика цен на продовольственные товары,Экономика -> Потребительские цены и инфляция -> Динамика цен на продовольственные товары,"Ядро посвящено колебаниям розничных цен на куриные яйца в России, включая их рекордный рост в прошлом году и недавнее снижение.","Периферия обсуждает удорожание продуктовой корзины в целом, импорт яиц из Турции и прогнозы по ценам на другие базовые продукты, такие как картофель.",False,0.95,13,36,57
2024-H1,82,103,"[""актив"", ""российский актив"", ""заморозить"", ""конфискация"", ""заморозить российский"", ""доход"", ""актив россия"", ""заморозить актив"", ""использование"", ""российский""]",Экономика,Международные финансы и активы,Использование замороженных суверенных активов,Экономика -> Международные финансы и активы -> Использование замороженных суверенных активов,Страны G7 и ЕС обсуждают использование доходов от замороженных российских активов в качестве залога или налога для помощи Украине.,"Обсуждаются предварительные согласования использования доходов от российских активов на военную помощь Украине, а также опасения МВФ о подрыве мировой валютной системы.",False,0.95,33,45,25
2024-H1,83,102,"[""населить пункт"", ""населить"", ""днр"", ""пункт"", ""освободить населить"", ""освободить"", ""российский войско"", ""войско"", ""контроль"", ""направление""]",Безопасность,Вооружённые конфликты,Изменение линии соприкосновения и контроль территорий,Безопасность -> Вооружённые конфликты -> Изменение линии соприкосновения и контроль территорий,Ядро посвящено сообщениям Министерства обороны РФ об освобождении и взятии под контроль конкретных населенных пунктов российскими войсками в ДНР и Запорожской области.,"Периферия описывает продвижение российских войск, прорыв линий обороны ВСУ и кадры освобождения конкретных населенных пунктов, включая Бердычи и Работино.",False,0.95,46,41,15
2024-H1,84,102,"[""поезд"", ""сход"", ""вагон"", ""рельс"", ""коми"", ""пассажирский"", ""сойти"", ""перегон"", ""движение поезд"", ""сход вагон""]",Происшествия,Транспортные инциденты,Сходы подвижного состава,Происшествия -> Транспортные инциденты -> Сходы подвижного состава,Ядро сфокусировано на сообщениях МЧС и прокуратуры о сходе пассажирского поезда в Республике Коми.,"Периферия затрагивает задержки поездов из-за драки, изменения маршрутов из-за взрыва на мосту и введение режима ЧС в Коми после схода вагонов.",False,0.98,19,49,34
2024-H1,85,101,"[""пугачёв"", ""концерт"", ""киркоров"", ""певица"", ""выступление"", ""алла"", ""отменить"", ""певец"", ""алла пугачёв"", ""артист""]",Культура,Шоу-бизнес и медиа,Отмена и бойкот выступлений артистов,Культура -> Шоу-бизнес и медиа -> Отмена и бойкот выступлений артистов,"Ядро кластера сфокусировано на скандалах и бойкоте, связанных с Аллой Пугачёвой и Филиппом Киркоровым.","Периферия затрагивает отмену концертов других популярных российских артистов (Сукачев, Орбакайте, Леонтьев) и связанные с этим организационные проблемы.",False,0.99,2,33,66
2024-H1,86,98,"[""фсб"", ""теракт"", ""задержать"", ""спецслужба"", ""готовить"", ""взрывной"", ""взрывной устройство"", ""украинский спецслужба"", ""агент"", ""сбу""]",Безопасность,Спецслужбы и контртерроризм,Предотвращение диверсий и терактов,Безопасность -> Спецслужбы и контртерроризм -> Предотвращение диверсий и терактов,"ФСБ регулярно сообщает о ликвидации агентов украинских спецслужб, готовивших теракты и диверсии на территории России.","ФСБ задерживает сторонников запрещенных украинских организаций (РДК), планировавших преступную деятельность или получавших от украинских структур отравляющие вещества.",False,0.98,14,49,35
2024-H1,87,97,"[""путин"", ""переговоры"", ""украина"", ""президент"", ""владимир путин"", ""легитимность"", ""мирный"", ""киев"", ""конфликт"", ""заявить путин""]",Политика,Международные отношения и урегулирование конфликтов,Позиции сторон в крупном международном конфликте,Политика -> Международные отношения и урегулирование конфликтов -> Позиции сторон в крупном международном конфликте,"Ядро сфокусировано на условиях, выдвигаемых Россией для прекращения конфликта на Украине, включая вывод войск и отказ Украины от вступления в НАТО, а также открытость к переговорам.",Периферия затрагивает общие заявления Путина о национализме на Украине и его комментарии по поводу финансового транзита газа через территорию Украины.,False,0.95,41,43,13
2024-H1,88,97,"[""мигрант"", ""иностранец"", ""миграционный"", ""рейд"", ""незаконный"", ""миграция"", ""выдворить"", ""иностранный гражданин"", ""фиктивный"", ""учёт""]",Общество,Миграционные процессы и контроль,Нарушения миграционного законодательства и выдворение,Общество -> Миграционные процессы и контроль -> Нарушения миграционного законодательства и выдворение,"Ядро сфокусировано на выявлении и депортации нелегальных мигрантов, а также на схемах, связанных с их пребыванием в России.","Периферия описывает массовые задержания мигрантов в крупных городах и последствия нарушений, включая выдворение.",False,1.0,20,45,32
2024-H1,89,97,"[""потерять"", ""группировка"", ""направление"", ""сутки"", ""всу"", ""отразить"", ""контратака"", ""улучшить"", ""противник"", ""противник потерять""]",Безопасность,Военные действия,Сводки о ходе боевых действий,Безопасность -> Военные действия -> Сводки о ходе боевых действий,"Ядро документов фокусируется на ежедневных сводках Минобороны РФ о ходе боевых действий, включая отражение контратак ВСУ и улучшение позиций российских войск.",Периферия описывает снижение активности артиллерии противника и успешные действия штурмовых групп и группировок войск на отдельных участках фронта.,False,1.0,70,19,8
2024-H1,90,95,"[""армения"", ""одкб"", ""азербайджан"", ""пашинянин"", ""ереван"", ""никола"", ""армянский"", ""алиев"", ""армения азербайджан"", ""договор""]",Политика,Международные отношения и блоки,Отношения стран Южного Кавказа и военно-политические блоки,Политика -> Международные отношения и блоки -> Отношения стран Южного Кавказа и военно-политические блоки,Ядро сфокусировано на заявлении премьер-министра Армении о заморозке участия страны в ОДКБ и европейских устремлениях Еревана.,"Периферия затрагивает общие дипломатические заявления Минска и готовность Армении к подписанию мирного соглашения с Азербайджаном, а также внутренние административные изменения.",False,0.95,14,52,29
2024-H1,91,93,"[""уровень вода"", ""вода"", ""тюменский"", ""тюменский область"", ""курган"", ""курганский"", ""вода река"", ""река"", ""курганский область"", ""паводок""]",Происшествия,Стихийные бедствия и ЧС,Паводки и наводнения в России,Происшествия -> Стихийные бедствия и ЧС -> Паводки и наводнения в России,В ядре обсуждается ухудшение качества питьевой воды и рост уровня воды в реках Ишим и Тобол в Тюменской области из-за паводка.,"Периферия описывает продолжение эвакуационных мероприятий и восстановление транспортной инфраструктуры, затронутой весенним половодьем.",False,1.0,53,26,14
2024-H1,92,93,"[""петербург"", ""топ"", ""петербургский"", ""самый значительный"", ""событие день"", ""отобрать"", ""дневник"", ""петербургский дневник"", ""петербург апрель"", ""александр беглов""]",Государственное управление,Региональная и городская повестка,Новости Санкт-Петербурга и деятельность администрации,Государственное управление -> Региональная и городская повестка -> Новости Санкт-Петербурга и деятельность администрации,"Ядро сфокусировано на решениях и деятельности губернатора Санкт-Петербурга Александра Беглова, поддержке его инициатив на федеральном уровне и награждении активистов.","Периферия освещает анонсы городских событий, подготовку к праздникам и общие экономические/транспортные новости города.",False,0.95,47,36,10
2024-H1,93,91,"[""соревнование"", ""спортсмен"", ""турнир"", ""спорт"", ""завоевать"", ""чемпион"", ""бокс"", ""медаль"", ""первенство"", ""категория""]",Спорт,Соревнования и достижения,Итоги спортивных турниров и завоевание наград,Спорт -> Соревнования и достижения -> Итоги спортивных турниров и завоевание наград,Воспитанники забайкальского клуба «СИБИРЯК» завоевали несколько медалей на соревнованиях.,"На периферии освещаются итоги соревнований по самым разным видам спорта, включая воркаут, силовой экстрим, зимнюю Спартакиаду, детские конкурсы, подледное ориентирование и футбол на электроколясках.",False,1.0,1,21,69
2024-H1,94,91,"[""белгород"", ""завал"", ""обрушение"", ""подъезд"", ""обрушение подъезд"", ""спасатель"", ""многоэтажка"", ""мчс"", ""дом"", ""обрушиться""]",Происшествия,Чрезвычайные ситуации с разрушениями,Обрушение жилых зданий и спасательные операции,Происшествия -> Чрезвычайные ситуации с разрушениями -> Обрушение жилых зданий и спасательные операции,"Ядро посвящено поисково-спасательным работам, разбору завалов и последствиям обрушения подъезда многоэтажного дома в Белгороде.","Периферия затрагивает инциденты с обрушением крыши и экспертизу обрушившегося подъезда в других районах, а также реакцию властей на основной инцидент.",False,0.95,58,20,13
2024-H1,95,91,"[""ливень"", ""ветер"", ""москва"", ""дождь"", ""гроза"", ""синоптик"", ""осадки"", ""месячный норма"", ""месячный"", ""столица""]",Общество,Природные явления и ЧС,Экстремальные погодные условия,Общество -> Природные явления и ЧС -> Экстремальные погодные условия,"В Москве зафиксированы сильные ливни, ураганный ветер и сопутствующие осадки, превышающие месячную норму.","На периферии обсуждаются рекордные снегопады, туман и последствия урагана в Москве, а также аналогичные погодные явления в Санкт-Петербурге.",False,1.0,53,22,16
2024-H1,96,86,"[""ставка"", ""ключевой ставка"", ""ключевой"", ""инфляция"", ""набиуллин"", ""центробанк"", ""регулятор"", ""годовой"", ""снижение"", ""банк""]",Экономика,Денежно-кредитная политика,Регулирование ключевой ставки и инфляции,Экономика -> Денежно-кредитная политика -> Регулирование ключевой ставки и инфляции,"Центральный банк обсуждает повышение ключевой ставки, влияние на инфляцию и прогнозы регулятора на будущий год.",Внешние новости о решениях других центральных банков (Япония) и призывы главы ЦБ по другим финансовым вопросам (штрафы).,True,0.95,35,25,26
2024-H1,97,84,"[""буря"", ""магнитный"", ""магнитный буря"", ""вспышка"", ""земля"", ""солнце"", ""балл"", ""солнечный"", ""мощный"", ""учёный""]",Наука,Астрономия и Геофизика,Солнечно-земные связи и космическая погода,Наука -> Астрономия и Геофизика -> Солнечно-земные связи и космическая погода,"Ядро кластера посвящено прогнозам и последствиям сильных магнитных бурь и солнечных вспышек, влияющих на Землю.","Периферия затрагивает более общие темы, связанные с Землей и Солнцем, включая землетрясения и астрономические явления (перигей).",True,1.0,52,25,7
2024-H1,98,83,"[""ростелеком"", ""рбк"", ""медиа"", ""краснодарский"", ""краснодарский край"", ""кавказ"", ""северный кавказ"", ""юг"", ""интерактивный"", ""эфир""]",Экономика,Региональный бизнес и медиа,Деятельность медиагрупп на Юге России,Экономика -> Региональный бизнес и медиа -> Деятельность медиагрупп на Юге России,"Ядро сфокусировано на выпуске деловых изданий и освещении экономических тем (девелопмент, индустриальные парки) в региональном медиапространстве Юга России, в частности, РБК Юг.","Периферия затрагивает награждение журналистов региональных деловых изданий, а также профориентационные проекты в сфере медиа и цифровой грамотности.",False,0.9,7,30,46
2024-H1,99,83,"[""харьковский"", ""всу"", ""харьковский область"", ""направление"", ""волчанск"", ""марочко"", ""наступление"", ""населить пункт"", ""населить"", ""вооружённый сила""]",Безопасность,Вооружённые конфликты,Боевые действия на территории Украины,Безопасность -> Вооружённые конфликты -> Боевые действия на территории Украины,"Ядро сфокусировано на напряженной обстановке и подготовке наступления ВС РФ вдоль границы Харьковской области и на других направлениях, влияющих на резервы ВСУ.","Периферия затрагивает цели атак ВС России на купянском направлении, а также политические заявления западных деятелей относительно статуса Харькова.",False,0.95,32,38,13
2024-H1,100,82,"[""модный"", ""стилист"", ""гардероб"", ""тренд"", ""одежда"", ""россиянка"", ""назвать"", ""мода"", ""вещь"", ""весна""]",Культура,Стиль и мода,Тренды в одежде и гардеробе,Культура -> Стиль и мода -> Тренды в одежде и гардеробе,"Ядро посвящено советам стилистов о модных вещах, трендах и заменах для гардероба россиянок на весенний сезон.","Периферия затрагивает более широкий спектр тем, включая советы по одежде для свиданий, тренды в купальниках и даже дизайны обоев.",True,0.8,20,27,35
2024-H1,101,80,"[""землетрясение"", ""толчок"", ""вулкан"", ""эпицентр"", ""пепел"", ""подземный"", ""исландия"", ""тайвань"", ""зафиксировать"", ""произойти""]",Происшествия,Стихийные бедствия и катастрофы,Сейсмическая и вулканическая активность,Происшествия -> Стихийные бедствия и катастрофы -> Сейсмическая и вулканическая активность,"Ядро кластера посвящено сильным землетрясениям, произошедшим в Японии, на Тайване и на границе Кыргызстана и Казахстана.","Периферия затрагивает как другие землетрясения (Индонезия), так и вулканическую активность (Исландия), а также включает отдалённые по теме события, такие как Чернобыльская авария.",False,0.95,6,31,43
2024-H1,102,80,"[""молдавия"", ""гагаузия"", ""гуцул"", ""молдавский"", ""глава гагаузия"", ""кишинёв"", ""евгений гуцул"", ""румыния"", ""автономия"", ""майя""]",Политика,Внутриполитические процессы и региональная автономия,Конфликтные отношения между региональными властями и центральным правительством,Политика -> Внутриполитические процессы и региональная автономия -> Конфликтные отношения между региональными властями и центральным правительством,"Ядро сфокусировано на противостоянии главы Гагаузии Евгении Гуцул с центральными властями Молдавии, включая угрозы независимости в случае объединения с Румынией.","Периферия затрагивает более широкий контекст молдавской политики, включая действия оппозиции, отношения с Россией и ситуацию в Приднестровье.",False,0.9,15,25,40
2024-H1,103,79,"[""германия"", ""немецкий"", ""крымский мост"", ""крымский"", ""фрг"", ""бундесвер"", ""офицер"", ""канцлер"", ""мост"", ""шольц""]",Международные отношения,Дипломатия и военное сотрудничество,Взаимодействие с ФРГ в контексте конфликта,Международные отношения -> Дипломатия и военное сотрудничество -> Взаимодействие с ФРГ в контексте конфликта,Ядро сфокусировано на утечке разговора немецких офицеров о возможной атаке на Крымский мост и реакции на это официальных лиц Германии.,"Периферия затрагивает более широкий спектр тем, связанных с Германией, включая внутреннюю политику (выборы, заявления депутатов) и действия правительства.",True,0.95,11,32,36
2024-H1,104,79,"[""градус"", ""температура"", ""воздух"", ""температура воздух"", ""ночью"", ""волгоградский"", ""ветер"", ""дождь"", ""осадки"", ""термометр""]",Общество,Погода и климат,Температурные колебания и осадки,Общество -> Погода и климат -> Температурные колебания и осадки,"В ядре обсуждается прогноз погоды в Волгограде и Волгоградской области, включая температуру, осадки (дождь, снег) и резкие изменения погодных условий.","Периферия затрагивает прогнозы погоды в других регионах (Ростов, Якутия), включая аномальную жару, заморозки и дожди.",False,1.0,47,23,9
2024-H1,105,78,"[""отдых"", ""тур"", ""турист"", ""атор"", ""турция"", ""отель"", ""туроператор"", ""цена"", ""россиянин"", ""бронирование""]",Экономика,Потребительский рынок,Внутренний и международный туризм,Экономика -> Потребительский рынок -> Внутренний и международный туризм,"В ядре обсуждается рост спроса, цен и раннее бронирование летнего отдыха россиян, с акцентом на Турцию как лидера.","На периферии рассматриваются тенденции туризма в отдельных странах (Грузия) и бюджетные направления, а также нетуристический вид поездок (медицинский туризм).",False,0.9,15,29,34
2024-H1,106,75,"[""залужный"", ""зеленский"", ""валерий залужный"", ""главком"", ""отставка"", ""валерий"", ""главнокомандующий"", ""владимир зеленский"", ""главком всу"", ""президент украина""]",Политика,Государственное управление и кадровая политика,Смена высшего военного руководства,Политика -> Государственное управление и кадровая политика -> Смена высшего военного руководства,Ядро кластера сфокусировано на слухах и подтверждениях возможной отставки главнокомандующего ВСУ Валерия Залужного по инициативе президента Владимира Зеленского.,"Периферия затрагивает косвенные последствия кадровых решений, включая повреждение имущества, связанного с Зеленским, и другие кадровые перестановки в украинских органах власти.",True,0.95,40,18,17
2024-H1,107,75,"[""артист"", ""инфаркт"", ""госпитализировать"", ""врач"", ""состояние"", ""актриса"", ""дрессировщик"", ""стать плохо"", ""перенести"", ""госпитализация""]",Культура,Здоровье и происшествия с деятелями искусства,Госпитализация и проблемы со здоровьем у артистов,Культура -> Здоровье и происшествия с деятелями искусства -> Госпитализация и проблемы со здоровьем у артистов,"Ядро кластера посвящено госпитализации и состоянию здоровья народного артиста РСФСР, дрессировщика Юрия Куклачева после обширного инфаркта.","Периферия описывает госпитализации, ухудшение состояния здоровья или необходимость медицинской помощи для других известных артистов, актрис и телеведущих.",False,1.0,3,29,43
2024-H1,108,74,"[""нато"", ""альянс"", ""столтенберг"", ""генсек"", ""йенс столтенберг"", ""йенс"", ""генсек нато"", ""североатлантический"", ""украина"", ""североатлантический альянс""]",Безопасность,Международные военные союзы,Деятельность и расширение НАТО,Безопасность -> Международные военные союзы -> Деятельность и расширение НАТО,Ядро сфокусировано на заявлениях руководства НАТО относительно использования западного оружия Украиной и перспективах вступления Украины в Альянс.,Периферия затрагивает заявления о возможном начале Третьей мировой войны в случае отправки войск на Украину и публичные мероприятия руководства НАТО.,False,0.95,33,26,15
2024-H1,109,74,"[""газ"", ""нефть"", ""процент"", ""уголь"", ""тонна"", ""миллион тонна"", ""поставка"", ""экспорт"", ""баррель"", ""импорт""]",Экономика,Энергетические рынки и торговля,Экспорт и импорт углеводородов,Экономика -> Энергетические рынки и торговля -> Экспорт и импорт углеводородов,"Ядро сфокусировано на лидерстве России в экспорте российского газа (СПГ) в ЕС, несмотря на санкции.","Периферия затрагивает вопросы добычи нефти, прекращения импорта российской нефти отдельными странами и попытки Турции монетизировать транзит газа.",True,0.95,5,41,28
2024-H1,110,74,"[""ресторан"", ""блюдо"", ""кухня"", ""меню"", ""соус"", ""приготовить"", ""крем"", ""десерт"", ""черешня"", ""шашлык""]",Культура,Образ жизни и досуг,Гастрономия и ресторанный бизнес,Культура -> Образ жизни и досуг -> Гастрономия и ресторанный бизнес,"В ядре обсуждается выбор куличей и панеттоне в московских ресторанах, а также новинки десертов в кофейнях Екатеринбурга.","Периферия освещает гастрономические фестивали, открытие новых заведений и необычные кулинарные творения, такие как платье из блинов.",False,0.95,2,24,48
2024-H1,111,73,"[""опасность атака"", ""опасность"", ""атака бпнуть"", ""воронежский область"", ""воронежский"", ""бпнуть"", ""атака"", ""объявить"", ""курский"", ""сообщить губернатор""]",Безопасность,Угрозы и ЧС,Угроза атаки беспилотными летательными аппаратами,Безопасность -> Угрозы и ЧС -> Угроза атаки беспилотными летательными аппаратами,В нескольких регионах России объявляется режим опасности атаки беспилотников.,Сообщается о падении боеприпаса в Воронежской области и отбое угрозы в Липецкой области.,False,0.95,48,16,9
2024-H1,112,73,"[""приговорить"", ""колония"", ""военный суд"", ""суд"", ""год колония"", ""лишение"", ""лишение свобода"", ""свобода"", ""осудить"", ""приговор""]",Общество,Правосудие и закон,Уголовные приговоры и наказания,Общество -> Правосудие и закон -> Уголовные приговоры и наказания,"Ядро кластера посвящено приговорам военнослужащим к реальным срокам лишения свободы (колонии) за различные правонарушения, связанные со службой.","Периферия затрагивает пересмотр приговоров высокопоставленным лицам (бывший министр обороны ДНР) и приговоры в отношении лиц, связанных с организованной преступностью.",True,1.0,6,36,31
2024-H1,113,71,"[""гтрк самара"", ""гтрк"", ""самара"", ""семья"", ""год семья"", ""маяк"", ""проект"", ""студия"", ""самарский"", ""семейный""]",Общество,Семья и социальные проекты,Региональные медиапроекты о семье,Общество -> Семья и социальные проекты -> Региональные медиапроекты о семье,"Ядро сфокусировано на анонсах и проведении региональных медиапроектов ГТРК «Самара», посвященных теме семьи и родословной.","Периферия затрагивает общие вопросы работы медиахолдинга, анонсы других проектов и конкурсов, не всегда связанных напрямую с семьей.",False,0.9,12,27,32
2024-H1,114,71,"[""принц"", ""король"", ""кейт"", ""iii"", ""уильям"", ""гарри"", ""карл"", ""принцесса"", ""карл iii"", ""карла""]",Общество,Светская жизнь и монархия,События в британской королевской семье,Общество -> Светская жизнь и монархия -> События в британской королевской семье,"Ядро сфокусировано на проблемах со здоровьем и исчезновении Кейт Миддлтон, а также на состоянии здоровья Карла III.","Периферия затрагивает личные события детей монархов, сравнение стиля Кейт Миддлтон с другими знаменитостями и выпуск новых банкнот с Карлом III.",False,1.0,19,18,34
2024-H1,115,70,"[""самарский область"", ""самарский"", ""житель самарский"", ""область"", ""область самарский"", ""синоптик"", ""жара"", ""область идти"", ""область ждать"", ""предупреждение""]",Общество,Погода и климат,Прогнозы погоды и предупреждения в регионе,Общество -> Погода и климат -> Прогнозы погоды и предупреждения в регионе,"Ядро сфокусировано на неблагоприятных погодных явлениях (мороз, снег, метель) и предупреждениях для жителей Самарской области.","Периферия затрагивает разнообразные события в Самарской области, включая моду, работу омбудсмена и инциденты с мигрантами.",True,0.95,29,28,13
2024-H1,116,68,"[""боливия"", ""эквадор"", ""госпереворот"", ""переворот"", ""попытка"", ""хуан"", ""хосе"", ""государственный переворот"", ""генерал"", ""тюрьма""]",Безопасность,Политические потрясения и беспорядки,Попытки государственного переворота и связанные с ними инциденты,Безопасность -> Политические потрясения и беспорядки -> Попытки государственного переворота и связанные с ними инциденты,"Ядро сфокусировано на эскалации насилия и хаосе, вызванном деятельностью картелей и вооруженными столкновениями в Эквадоре.","Периферия расширяет тему, включая задержание лидера переворота в Боливии, а также побеги из тюрем и срывы переворотов в других странах Латинской Америки и Центральной Азии.",False,1.0,2,25,41
2024-H1,117,67,"[""растение"", ""дачник"", ""почва"", ""выращивание"", ""сажать"", ""удобрение"", ""дача"", ""урожай"", ""огород"", ""посадка""]",Общество,Образ жизни и быт,Садоводство и дачное хозяйство,Общество -> Образ жизни и быт -> Садоводство и дачное хозяйство,"Ядро кластера фокусируется на обязательных работах, правилах и юридических аспектах, связанных с ведением дачного участка в начале сезона.","Периферия обсуждает народные приметы для посадок, советы по удобрениям и уходу за растениями, а также погодные риски для дачников.",False,1.0,3,17,47
2024-H1,118,66,"[""егэ"", ""экзамен"", ""государственный экзамен"", ""выпускник"", ""сдача"", ""предмет"", ""единый государственный"", ""отмена"", ""контрольный"", ""вуз""]",Общество,Образование и наука,Государственная итоговая аттестация,Общество -> Образование и наука -> Государственная итоговая аттестация,"В центре внимания находятся законодательные инициативы и изменения в порядке проведения Единого государственного экзамена (ЕГЭ), включая возможность пересдачи одного предмета.","На периферии обсуждаются вопросы снижения проходных баллов, сроки публикации результатов ЕГЭ в регионах и общие реформы системы высшего образования.",False,1.0,26,21,19
2024-H1,119,65,"[""венгрия"", ""орбан"", ""виктор орбан"", ""венгрия виктор"", ""виктор"", ""венгерский"", ""будапешт"", ""украина"", ""петер"", ""европейский""]",Политика,Международные отношения и внешняя политика,Позиция Венгрии в европейском и мировом контексте,Политика -> Международные отношения и внешняя политика -> Позиция Венгрии в европейском и мировом контексте,Виктор Орбан и Венгрия выступают с призывами к переговорам по Украине и критикуют руководство Европейского союза.,Орбан продолжает критиковать европейский истеблишмент и высказывает радикальные взгляды относительно будущего Европы и территориальных претензий.,False,1.0,31,25,9
2024-H1,120,65,"[""гибдд"", ""право"", ""номер"", ""штраф"", ""водительский"", ""право срок"", ""дорожный"", ""дорожный движение"", ""гаи"", ""экзамен""]",Общество,Правовое регулирование и безопасность на дорогах,"Изменения в ПДД, правах и ответственности водителей","Общество -> Правовое регулирование и безопасность на дорогах -> Изменения в ПДД, правах и ответственности водителей","Ядро посвящено ужесточению ответственности за нарушения, связанные с автомобильными номерами, и корректировкам в нормативных актах МВД, касающихся дорожного движения.",Периферия затрагивает вопросы переименования ГАИ обратно в советское название и введение штрафов для компаний за экологические нарушения.,True,0.95,11,30,24
2024-H1,121,65,"[""заложник"", ""сизый"", ""захватить"", ""захват"", ""захват заложник"", ""ростовский"", ""изолятор"", ""фсин"", ""взять заложник"", ""арестант""]",Происшествия,Преступность и правопорядок,Захват заложников в учреждениях исполнения наказаний,Происшествия -> Преступность и правопорядок -> Захват заложников в учреждениях исполнения наказаний,"Ядро посвящено установлению личностей и деталям захвата заложников в ростовском СИЗО, включая информацию о выживших и количестве участников инцидента.","Периферия затрагивает освобождение заложников в тюрьмах Эквадора, арест членов религиозной группы в Ростове и поиск жилья одного из предполагаемых захватчиков.",True,1.0,35,24,6
2024-H1,122,62,"[""градус"", ""новосибирск"", ""температура"", ""погода"", ""ожидаться"", ""дождь"", ""синоптик"", ""градус день"", ""ночью"", ""прогноз""]",Общество,Природные явления и климат,Прогнозы погоды и температурные аномалии,Общество -> Природные явления и климат -> Прогнозы погоды и температурные аномалии,"Ядро кластера посвящено прогнозам погоды в Новосибирске, включая ожидаемые температуры, осадки и температурные колебания.","Периферия затрагивает оттепель и потепление в Нижнем Новгороде, что является схожей темой прогноза погоды.",False,0.98,46,15,1
2024-H1,123,62,"[""горячий вода"", ""вода"", ""отключить"", ""горячий"", ""отключение"", ""адрес"", ""тепловой"", ""тепловой сеть"", ""водоснабжение"", ""отключать""]",Общество,Жилищно-коммунальное хозяйство,Отключения коммунальных услуг,Общество -> Жилищно-коммунальное хозяйство -> Отключения коммунальных услуг,Ядро кластера посвящено плановым и аварийным отключениям горячего водоснабжения и ремонту тепловых сетей в различных городах России.,"Периферия затрагивает отключения электричества и канализации, а также содержит общие рассуждения о временных неудобствах из-за отключений воды.",True,0.95,22,27,13
2024-H1,124,62,"[""космонавт"", ""кононенко"", ""космос"", ""мкс"", ""роскосмос"", ""космический"", ""олег"", ""космонавтика"", ""гагарин"", ""юрий гагарин""]",Наука,Исследования космоса,Деятельность космонавтов и Роскосмоса,Наука -> Исследования космоса -> Деятельность космонавтов и Роскосмоса,"Ядро сфокусировано на поздравлениях и мировом рекорде российского космонавта Олега Кононенко, находящегося на МКС.","Периферия затрагивает голосование космонавтов с МКС, празднование Дня космонавтики (связанное с Гагариным) и научную деятельность на станции.",False,0.95,10,26,26
2024-H1,125,61,"[""медведев"", ""дмитрий медведев"", ""зампред совбез"", ""совбез"", ""зампред"", ""дмитрий"", ""цитата день"", ""цитата"", ""украина"", ""медведев назвать""]",Политика,Международные отношения и безопасность,Заявления официальных лиц по геополитическим вопросам,Политика -> Международные отношения и безопасность -> Заявления официальных лиц по геополитическим вопросам,Дмитрий Медведев комментирует условия для прекращения конфликта на Украине и критикует западных политиков.,"Периферия содержит как цитаты Зеленского о помощи США, так и высказывания Медведева о территориальных претензиях и критику западных лидеров.",False,0.95,23,30,8
2024-H1,126,61,"[""фицо"", ""словакия"", ""роберт фицо"", ""покушение"", ""роберт"", ""премьера"", ""словацкий"", ""выстрел"", ""стрелять"", ""выездной заседание""]",Происшествия,Нападения на публичных лиц,Покушения на глав правительств,Происшествия -> Нападения на публичных лиц -> Покушения на глав правительств,"Ядро посвящено покушению на премьер-министра Словакии Роберта Фицо, включая видео допроса стрелявшего и кадры момента нападения.",Периферия содержит информацию о других инцидентах нападения на премьер-министров в других странах (Дания) и нерелевантный контент (выступление чешского политика).,True,0.95,29,17,15
2024-H1,127,61,"[""китай"", ""пекин"", ""кнр"", ""сша"", ""китайский"", ""тайвань"", ""блинкен"", ""цзиньпин"", ""госсекретарь"", ""госсекретарь сша""]",Международные отношения,Дипломатия и двусторонние отношения,Взаимодействие США и Китая,Международные отношения -> Дипломатия и двусторонние отношения -> Взаимодействие США и Китая,Госсекретарь США Энтони Блинкен обсуждает с Китаем вопросы поддержки Россией ВПК и ситуацию на Украине.,"США угрожают Китаю последствиями в случае военной операции на Тайване, а также обсуждается позиция КНР по тайваньскому вопросу.",False,0.95,14,23,24
2024-H1,128,59,"[""самарский"", ""самарский область"", ""дмитрий азаров"", ""азаров"", ""федорищев"", ""вячеслав федорищев"", ""регион"", ""дмитрий"", ""губернатор самарский"", ""вячеслав""]",Политика,Региональное управление,Деятельность глав субъектов РФ,Политика -> Региональное управление -> Деятельность глав субъектов РФ,"Деятельность и кадровые перестановки высшего руководства Самарской области, включая губернатора Дмитрия Азарова и его преемника Вячеслава Федорищева.","Обсуждение рабочих вопросов правительства и мэров Самарской области, а также развитие спорта в регионе.",False,0.95,19,19,21
2024-H1,129,58,"[""автобус"", ""мойка"", ""река"", ""упавший"", ""водитель"", ""падение"", ""водитель автобус"", ""петербург"", ""пассажирский автобус"", ""пассажир""]",Происшествия,Транспортные аварии,Аварии с общественным транспортом,Происшествия -> Транспортные аварии -> Аварии с общественным транспортом,В центре Санкт-Петербурга произошло падение пассажирского автобуса в реку Мойку с многочисленными жертвами.,"Периферия затрагивает последствия аварии (ремонт моста, награждение спасателей) и другие ДТП с автобусами в Петербурге.",False,1.0,27,24,7
2024-H1,130,58,"[""ленинград"", ""блокада"", ""блокадный"", ""блокада ленинград"", ""фашистский"", ""полный освобождение"", ""блокадный ленинград"", ""освобождение"", ""ленинградский"", ""выставка""]",Общество,Историческая память и наследие,"События, связанные с Блокадой Ленинграда","Общество -> Историческая память и наследие -> События, связанные с Блокадой Ленинграда","Ядро посвящено мероприятиям, приуроченным к 80-летию полного освобождения Ленинграда от фашистской блокады.","Периферия затрагивает общие акции, связанные с Георгиевской лентой, и случаи некорректного оформления поздравлений с годовщиной снятия блокады.",False,1.0,17,27,14
2024-H1,131,57,"[""ракетный опасность"", ""отменить"", ""опасность"", ""ракетный"", ""белгород белгородский"", ""белгородский"", ""белгородский район"", ""белгород"", ""курский область"", ""курский""]",Безопасность,Чрезвычайные ситуации и угрозы,Оповещение об угрозах на приграничных территориях,Безопасность -> Чрезвычайные ситуации и угрозы -> Оповещение об угрозах на приграничных территориях,В Белгородской и Курской областях отменяли угрозы ракетной опасности и атаки беспилотников.,"На периферии сообщается об отбое угроз в Курской области, а также о снятии ограничений на использование ИИ в военных целях и отмене ЕГЭ из-за обстрелов.",False,0.9,49,1,7
2024-H1,132,57,"[""врач"", ""пациентка"", ""операция"", ""пациент"", ""опухоль"", ""хирург"", ""больница"", ""патология"", ""спасти"", ""беременность""]",Общество,Здравоохранение и медицина,Сложные медицинские вмешательства и спасение жизней,Общество -> Здравоохранение и медицина -> Сложные медицинские вмешательства и спасение жизней,Врачи проводят сложные операции по спасению жизни рожениц и младенцев с редкими патологиями.,"Хирурги выполняют уникальные и сложные операции по удалению опухолей, лечению травм и патологий, иногда с сохранением функций пациента.",False,1.0,3,21,33
2024-H1,133,56,"[""приволжский"", ""уровень опасность"", ""ветер"", ""жёлтый уровень"", ""объявить жёлтый"", ""жёлтый"", ""порыв"", ""самарский область"", ""область ожидаться"", ""ожидаться""]",Общество,Чрезвычайные ситуации и риски,Неблагоприятные погодные явления и предупреждения,Общество -> Чрезвычайные ситуации и риски -> Неблагоприятные погодные явления и предупреждения,В Самарской области объявляют желтый уровень опасности из-за прогнозируемого сильного ветра и грозы.,На периферии упоминаются отключения электроэнергии из-за непогоды в Чечне и ухудшение метеоусловий в Чите.,True,0.9,36,18,2
2024-H1,134,55,"[""лавров"", ""сергей лавров"", ""сергей"", ""заявить лавров"", ""глава мид"", ""россия сергей"", ""запад"", ""лавров заявить"", ""иностранный дело"", ""министр иностранный""]",Политика,Международные отношения,Заявления официальных лиц по внешней политике,Политика -> Международные отношения -> Заявления официальных лиц по внешней политике,Глава МИД РФ Сергей Лавров комментирует действия Запада и ситуацию на Украине.,Лавров комментирует многосторонние форматы (БРИКС) и получает оценки от западных экспертов.,False,0.95,23,21,11
2024-H1,135,55,"[""бензин"", ""топливо"", ""литр"", ""цена бензин"", ""цена"", ""копейка"", ""руб"", ""дизельный топливо"", ""дизельный"", ""подорожать""]",Экономика,Цены и рынки,Динамика цен на топливо,Экономика -> Цены и рынки -> Динамика цен на топливо,"В ядре обсуждается недавнее повышение цен на различные виды бензина и дизельного топлива у конкретных компаний, а также анонсируется временный запрет на экспорт бензина.","На периферии рассматриваются причины введения экспортных ограничений (насыщение рынка, проблемы с экспортом) и обсуждаются регуляторные меры, связанные с топливным рынком, а также упоминается запрет на вывоз сахара.",False,0.95,16,24,15
2024-H1,136,55,"[""украина"", ""patriot"", ""киев"", ""миллион евро"", ""поставка"", ""евро"", ""снаряд"", ""миллион"", ""великобритания"", ""закупка""]",Безопасность,Международная военная помощь,Поставки вооружений и боеприпасов,Безопасность -> Международная военная помощь -> Поставки вооружений и боеприпасов,"Ядро посвящено анонсам и фактам поставок военной помощи Украине, включая системы Patriot и снаряды, от западных стран.","Периферия описывает долгосрочное оборонное сотрудничество и переговоры между Великобританией и Украиной, а также проблемы с производством боеприпасов в ЕС.",False,0.9,12,27,16
2024-H1,137,55,"[""рудник"", ""пионер"", ""горняк"", ""шахта"", ""амурский область"", ""завал"", ""амурский"", ""скважина"", ""порода"", ""приамурья""]",Происшествия,Аварии на производстве,Горнодобывающая промышленность,Происшествия -> Аварии на производстве -> Горнодобывающая промышленность,"На руднике «Пионер» в Амурской области произошел обвал породы, в результате которого оказались заблокированы горняки, и ведутся спасательные работы с бурением скважин.","На периферии обсуждаются соболезнования в связи с аварией на «Пионере», а также упоминаются другие инциденты в горнодобывающей отрасли (Урал, Башкирия).",False,0.95,22,24,9
2024-H1,138,54,"[""иркутский"", ""иркутский область"", ""кобзев"", ""иркутск"", ""игорь"", ""mkbaikal"", ""приангарья"", ""законодательный"", ""область игорь"", ""законодательный собрание""]",Политика,Региональное управление и законодательство,Деятельность органов власти Иркутской области,Политика -> Региональное управление и законодательство -> Деятельность органов власти Иркутской области,"Ядро сфокусировано на рабочих поездках губернатора Иркутской области Игоря Кобзева и отчетах мэра Иркутска, а также осмотре объектов Заксобранием.","Периферия описывает кадровые назначения в КСП, участие губернатора в шахматном матче и его международный рабочий визит в Китай.",False,0.95,10,31,13
2024-H1,139,53,"[""выпасть"", ""окно"", ""выпасть окно"", ""этаж"", ""девочка"", ""ребёнок"", ""мальчик"", ""перелом"", ""больница"", ""травма""]",Общество,Чрезвычайные происшествия и травматизм,Падения детей из окон и связанные с этим травмы,Общество -> Чрезвычайные происшествия и травматизм -> Падения детей из окон и связанные с этим травмы,"Ядро кластера посвящено случаям выпадения малолетних детей (младенцев, девочек, мальчиков) из окон многоквартирных домов, что привело к их госпитализации в тяжелом состоянии.","Периферия описывает другие несчастные случаи с детьми и подростками, включая падение в шахту и травмы от взрыва телефона, хотя и с летальным исходом или тяжелыми последствиями.",False,0.9,11,24,18
2024-H1,140,52,"[""чита"", ""самый интересный"", ""забайкальский"", ""комсомолец чита"", ""московский комсомолец"", ""комсомолец"", ""забайкальский край"", ""новость сегодня"", ""край"", ""забайкалье""]",Общество,Региональные новости и происшествия,События в Забайкальском крае,Общество -> Региональные новости и происшествия -> События в Забайкальском крае,"Ядро сфокусировано на происшествиях (ДТП, смерть, благоустройство) и местных новостях Читы и Забайкальского края.","Периферия затрагивает более общие региональные проблемы (газификация, жилищный форум) и новости из других регионов (Астрахань, Казань), но сохраняет фокус на местных проблемах.",False,0.95,27,18,7
2024-H1,141,52,"[""вакансия"", ""подробный"", ""актуальный"", ""звонить"", ""искать"", ""работа"", ""телеграм"", ""волгоград"", ""смена"", ""блокнот""]",Экономика,Рынок труда и занятость,Поиск работы и вакансии,Экономика -> Рынок труда и занятость -> Поиск работы и вакансии,Ядро кластера сосредоточено на публикации актуальных вакансий и предложений о поиске работы в Волгограде.,"Периферия включает объявления о поиске сотрудников для медиа и сервисов, а также общие услуги, связанные с городом.",False,0.95,27,18,7
2024-H1,142,50,"[""наркотик"", ""вещество"", ""наркотический"", ""килограмм"", ""сбыт"", ""задержать"", ""запретить вещество"", ""наркотический средство"", ""грамм"", ""изъять""]",Безопасность,Правонарушения и борьба с ними,Незаконный оборот наркотических средств,Безопасность -> Правонарушения и борьба с ними -> Незаконный оборот наркотических средств,"Ядро кластера посвящено пресечению деятельности по производству и задержанию лиц, причастных к изготовлению синтетических наркотиков в Московской области.","Периферия описывает крупные случаи изъятия наркотиков (мефедрон, кокаин, марихуана) на границе и в портах, а также приговоры за их сбыт.",True,0.96,6,21,23
2024-H1,143,50,"[""мусор"", ""контейнер"", ""выброс"", ""отход"", ""тагил"", ""вонь"", ""жаловаться"", ""свалка"", ""самара"", ""онлайн прислать""]",Общество,Жилищно-коммунальное хозяйство и благоустройство,Проблемы обращения с отходами и санитарное состояние территорий,Общество -> Жилищно-коммунальное хозяйство и благоустройство -> Проблемы обращения с отходами и санитарное состояние территорий,"Ядро сфокусировано на несанкционированных свалках, переполненных контейнерах и проблемах с вывозом мусора, а также на канализационных стоках.","Периферия затрагивает общие проблемы городской инфраструктуры, включая ремонт дорог, обвалы и падение объектов, хотя некоторые документы упоминают Самару.",False,0.95,2,26,22
2024-H1,144,48,"[""плен"", ""обмен"", ""военнослужащий"", ""пленный"", ""российский военнослужащий"", ""освободить"", ""возвратить"", ""военнопленный"", ""уполномоченный право"", ""уполномоченный""]",Безопасность,Военно-гуманитарные вопросы,Обмен военнопленными и возвращение граждан,Безопасность -> Военно-гуманитарные вопросы -> Обмен военнопленными и возвращение граждан,"Ядро кластера посвящено обмену и возвращению российских военнослужащих, освобожденных из украинского плена.","Периферия затрагивает возвращение российских детей из Сирии и моряков из Мозамбика, а также переговоры по детям.",True,0.9,24,15,9
2024-H1,145,48,"[""заэс"", ""магатэ"", ""запорожский"", ""запорожский аэс"", ""аэс"", ""атомный"", ""станция"", ""гросся"", ""атомный электростанция"", ""агентство атомный""]",Безопасность,Ядерная безопасность и нераспространение,Ситуация вокруг Запорожской АЭС,Безопасность -> Ядерная безопасность и нераспространение -> Ситуация вокруг Запорожской АЭС,"Ядро сфокусировано на обстрелах и инцидентах, связанных с Запорожской АЭС, и реакции на них со стороны МАГАТЭ и ООН.",Периферия касается ротации персонала МАГАТЭ и оценки возможности перезапуска станции.,False,1.0,23,20,5
2024-H1,146,48,"[""пробка"", ""затор"", ""образоваться"", ""улица"", ""проспект"", ""дтп"", ""авария"", ""въезд"", ""движение"", ""дорожный""]",Общество,Транспорт и логистика,Дорожные заторы и аварийность,Общество -> Транспорт и логистика -> Дорожные заторы и аварийность,"Ядро кластера фокусируется на возникновении крупных пробок и заторов, вызванных дорожно-транспортными происшествиями на ключевых городских магистралях.","Периферия затрагивает как конкретные участки трасс с пробками, так и анализ наиболее аварийных участков дорог в городах.",False,1.0,20,22,6
2024-H1,147,47,"[""снег"", ""уборка"", ""дорога"", ""наледь"", ""убирать"", ""тротуар"", ""дорожный"", ""единица"", ""коммунальный служба"", ""зима""]",Общество,Жилищно-коммунальное хозяйство и благоустройство,Зимнее содержание дорог и тротуаров,Общество -> Жилищно-коммунальное хозяйство и благоустройство -> Зимнее содержание дорог и тротуаров,Коммунальные службы активно занимаются расчисткой снега и наледи с дорог и пешеходных зон.,"На периферии обсуждаются итоги уборки снега в конкретных городах и несвязанные с зимой темы, такие как подготовка пляжей.",True,0.95,16,16,15
2024-H1,148,45,"[""нариманов"", ""обрушение"", ""дом"", ""аварийный"", ""жилец"", ""стена"", ""логвиненко"", ""манёвренный"", ""пятиэтажка"", ""собственник""]",Происшествия,Чрезвычайные ситуации с жилым фондом,Аварийное состояние и обрушение зданий,Происшествия -> Чрезвычайные ситуации с жилым фондом -> Аварийное состояние и обрушение зданий,В ядре обсуждается частичное обрушение жилого дома на улице Нариманова в Ростове-на-Дону и связанные с этим эвакуация и реакция властей.,"Периферия затрагивает инциденты с повреждением фасадов и стен жилых домов в других регионах (Пересвет, Шилка) и требования сноса зданий.",False,0.95,23,15,7
2024-H1,149,43,"[""башкирия"", ""синоптик"", ""погода"", ""составить градус"", ""прогноз"", ""градус"", ""опубликовать прогноз"", ""умеренный"", ""ветер"", ""температура воздух""]",Общество,Природные явления и климат,Прогнозы погоды и температурные режимы,Общество -> Природные явления и климат -> Прогнозы погоды и температурные режимы,"Ядро кластера сосредоточено на детальных прогнозах температуры воздуха и погодных условий в Башкирии, включая экстремальные значения.","Периферия затрагивает косвенные последствия погодных условий, такие как перенос отключения горячей воды и рекомендации по посещению школы из-за холодов.",False,1.0,31,8,4
2024-H1,150,43,"[""нефтебаза"", ""нпз"", ""пожар"", ""бпнуть"", ""беспилотник"", ""атака"", ""атака беспилотник"", ""возгорание"", ""салават"", ""падение""]",Происшествия,Аварии и инциденты на промышленных объектах,Атаки БПЛА на объекты топливно-энергетического комплекса,Происшествия -> Аварии и инциденты на промышленных объектах -> Атаки БПЛА на объекты топливно-энергетического комплекса,Ядро кластера описывает повреждения и пожары на нефтеперерабатывающих заводах и насосных станциях в результате атак беспилотников.,"Периферия детализирует последствия атак БПЛА на НПЗ и нефтебазы, включая ремонтные работы и случаи пострадавших.",False,1.0,22,18,3
2024-H1,151,43,"[""лгбт"", ""пропаганда лгбт"", ""пропаганда"", ""книга"", ""экстремистский"", ""движение лгбт"", ""извращенец"", ""издательство"", ""признать экстремистский"", ""запретить""]",Общество,Цензура и регулирование контента,"Ограничения, связанные с ЛГБТ-тематикой","Общество -> Цензура и регулирование контента -> Ограничения, связанные с ЛГБТ-тематикой","Ядро сфокусировано на изъятии из продажи книг и удалении контента сервисами из-за законодательных ограничений, связанных с ЛГБТ-движением, признанным экстремистским.","Периферия затрагивает последствия признания ЛГБТ-движения экстремистским, включая уход организаторов мероприятий и обсуждение схожих тем (например, педофилии) на Западе.",False,1.0,5,17,21
2024-H1,152,41,"[""путин"", ""заявить путин"", ""элита"", ""глава мировой"", ""глобальный"", ""сша"", ""информагентство"", ""запад"", ""хамство"", ""бред""]",Политика,Международные отношения и внешняя политика,Критика западных стран и США со стороны российского руководства,Политика -> Международные отношения и внешняя политика -> Критика западных стран и США со стороны российского руководства,"Президент РФ Владимир Путин критикует действия и риторику Запада, в частности США, называя их ошибочными и враждебными.","Путин комментирует заявления о возможном применении ядерного оружия, критикует заявления немецких офицеров и комментирует отношения с немецкой партией.",False,0.95,14,24,3
2024-H1,153,41,"[""дневник"", ""петербургский дневник"", ""петербургский"", ""забег"", ""книжный"", ""салон"", ""бегом"", ""литературный"", ""открытка"", ""книга""]",Культура,Литература и книгоиздание,Городские культурные события и проекты,Культура -> Литература и книгоиздание -> Городские культурные события и проекты,"Ядро кластера сфокусировано на проектах издания «Петербургский дневник», связанных с Книжным салоном, литературной почтой и благотворительными забегами.","Периферия включает упоминания Книжного салона, посещение литературной почты представителями других организаций и общие события в рамках культурной жизни города.",False,1.0,3,26,12
2024-H1,154,41,"[""ростовский"", ""ростовский область"", ""млрд рубль"", ""млрд"", ""производство"", ""василий голубеть"", ""голубеть"", ""завод"", ""рубль"", ""инвестиция""]",Экономика,Промышленность и инвестиции,Развитие производства в регионах РФ,Экономика -> Промышленность и инвестиции -> Развитие производства в регионах РФ,"Ядро сфокусировано на финансировании, инвестициях и увеличении производства на промышленных предприятиях Ростовской области.","Периферия затрагивает запуск новых производственных участков, поддержку аграриев и миграционные вопросы, связанные с регионом.",False,0.95,9,18,14
2024-H1,155,41,"[""осн"", ""интересный"", ""статья"", ""почему"", ""автоэксперт"", ""психолог"", ""сеть"", ""популярный"", ""психиатр"", ""юрист""]",Общество,Мнения экспертов и общественный резонанс,Анализ актуальных тем с привлечением специалистов,Общество -> Мнения экспертов и общественный резонанс -> Анализ актуальных тем с привлечением специалистов,"Ядро фокусируется на анализе геополитических, экономических и психологических тем с привлечением авторитетных экспертов (автоэксперты, психиатры).","Периферия затрагивает разнородные темы, включая светскую хронику, юридические аспекты разводов и обзор общественно-политических происшествий.",True,0.9,37,2,2
2024-H1,156,40,"[""пискарёвский"", ""взрыв"", ""военный академия"", ""красногвардейский"", ""петербург"", ""проспект"", ""беглов"", ""балкон"", ""пострадать"", ""академия""]",Происшествия,Чрезвычайные ситуации и инциденты,Взрывы и повреждения инфраструктуры в городской среде,Происшествия -> Чрезвычайные ситуации и инциденты -> Взрывы и повреждения инфраструктуры в городской среде,"Ядро описывает взрыв или хлопок, предположительно от БПЛА, повлекший повреждение остекления балконов жилых домов рядом с Военной академией в Санкт-Петербурге.","Периферия затрагивает последствия инцидента (выплаты компенсаций) и другие, не связанные с атакой дронов, обрушения балконов в Петербурге.",True,0.95,15,12,13
2024-H1,157,40,"[""жку"", ""тариф"", ""услуга"", ""жкх"", ""оплата"", ""коммунальный услуга"", ""коммунальный"", ""квитанция"", ""июль"", ""субсидия""]",Экономика,Тарифы и ценообразование,Изменения в сфере ЖКХ и коммунальных платежей,Экономика -> Тарифы и ценообразование -> Изменения в сфере ЖКХ и коммунальных платежей,"Ядро посвящено изменениям в порядке оплаты, введению электронных квитанций и возможности оплаты услуг ЖКХ без комиссии с 1 июля.","Периферия фокусируется на повышении тарифов на коммунальные услуги (тепло, газ, электричество) с 1 июля и влиянии этих изменений на социальные выплаты.",False,1.0,13,15,12
2024-H1,158,38,"[""космос"", ""ядерный"", ""ядерный оружие"", ""сша"", ""оружие"", ""спутник"", ""вооружение"", ""космический"", ""вашингтон"", ""резолюция""]",Безопасность,Военно-техническое сотрудничество и вооружения,Ядерное сдерживание и космическое вооружение,Безопасность -> Военно-техническое сотрудничество и вооружения -> Ядерное сдерживание и космическое вооружение,Ядро сфокусировано на обвинениях США в адрес России о возможном размещении ядерного оружия или противоспутникового вооружения в космосе и реакции Москвы.,"Периферия обсуждает общую напряженность в отношениях с Западом, наращивание арсеналов и критику внешней политики США и НАТО.",False,0.95,10,19,9
2024-H1,159,38,"[""подполье"", ""лебедев"", ""сергей лебедев"", ""подполье сергей"", ""координатор николаевский"", ""николаевский подполье"", ""координатор"", ""николаевский"", ""удар"", ""нанести""]",Безопасность,Военные действия и операции,Удары по инфраструктуре и военным объектам,Безопасность -> Военные действия и операции -> Удары по инфраструктуре и военным объектам,Ядро кластера сосредоточено на сообщениях координатора николаевского подполья Сергея Лебедева о нанесении Россией ударов по объектам на территории Украины.,"Периферия описывает уничтожение крупной газокомпрессорной станции и склады вооружения ВСУ, а также работу ПВО в районе Одессы.",False,1.0,27,7,4
2024-H1,160,37,"[""продолжать рассказывать"", ""царьград"", ""рассказывать"", ""погода"", ""продолжать"", ""весна"", ""царьград бояться"", ""бояться говорить"", ""говорить правда"", ""бояться""]",Общество,Смена сезонов и природные явления,Начало весны и погодные изменения,Общество -> Смена сезонов и природные явления -> Начало весны и погодные изменения,"Ядро документов сосредоточено на поэтическом описании смены зимы весной, таяния снега и пробуждения природы.","Периферия затрагивает темы, связанные с погодой (снег, метель), а также упоминает медиа-ресурсы, заявляющие о готовности говорить правду.",True,1.0,31,1,5
2024-H1,161,37,"[""дайджест"", ""новость день"", ""актуальный новость"", ""день москва"", ""актуальный"", ""москва"", ""мир"", ""власть считать"", ""иноагент"", ""май это""]",Общество,Информационные сводки,Ежедневные городские новости,Общество -> Информационные сводки -> Ежедневные городские новости,"Ядро представляет собой ежедневные дайджесты актуальных новостей Москвы, включая погоду, транспорт и санкционные последствия.","Периферия продолжает фокусироваться на ежедневных сводках новостей Москвы, акцентируя внимание на погодных условиях и социальных событиях.",False,0.95,28,9,0
2024-H1,162,37,"[""цветение"", ""сад"", ""ботанический сад"", ""ботанический"", ""тюльпан"", ""цветок"", ""цвести"", ""весна"", ""цветущий"", ""полюбоваться""]",Общество,Природа и окружающая среда,Сезонное цветение и ботанические объекты,Общество -> Природа и окружающая среда -> Сезонное цветение и ботанические объекты,"Ядро посвящено раннему весеннему цветению, в частности тюльпанов, в городских условиях и оранжереях ботанических садов, несмотря на сохраняющуюся зимнюю погоду.","Периферия затрагивает цветение степных тюльпанов, распускание редких экзотических цветов в ботанических садах и начало цветения сакуры в Японии.",False,0.95,7,14,16
2024-H1,163,37,"[""явление"", ""небо"", ""сияние"", ""северный сияние"", ""необычный"", ""наблюдать"", ""облако"", ""столб"", ""оптический"", ""радуга""]",Наука,Атмосферные и оптические явления,Редкие атмосферные свечения и гало,Наука -> Атмосферные и оптические явления -> Редкие атмосферные свечения и гало,"Ядро кластера посвящено наблюдению в небе редких оптических явлений, таких как световые столбы и северное сияние, часто в условиях холодной погоды.","Периферия включает наблюдения радуги, оранжево-красной Луны и упоминание других оптических феноменов, таких как глория.",False,1.0,6,26,5
2024-H1,164,36,"[""ассанж"", ""джулиан"", ""джулиан ассанж"", ""основатель"", ""тюрьма"", ""экстрадиция"", ""свобода"", ""сделка"", ""лондон"", ""сша""]",Политика,Международные отношения и право,Дела о выдаче и свободе прессы,Политика -> Международные отношения и право -> Дела о выдаче и свободе прессы,Ядро посвящено освобождению Джулиана Ассанжа из тюрьмы в результате сделки с властями США.,"Периферия затрагивает как юридические аспекты дела Ассанжа, так и смежные темы экстрадиции других лиц и общую обстановку в Лондоне.",False,1.0,16,12,8
2024-H1,165,36,"[""мальчик"", ""младенец"", ""мать"", ""малыш"", ""ребёнок"", ""запереть"", ""новорождённый"", ""наслать"", ""опека"", ""квартира""]",Общество,Социальные проблемы и происшествия,Жестокое обращение с детьми и оставление без присмотра,Общество -> Социальные проблемы и происшествия -> Жестокое обращение с детьми и оставление без присмотра,Ядро сфокусировано на случаях оставления детей (младенцев и маленьких мальчиков) в запертых квартирах или выбрасывания новорождённых в Новосибирске.,"Периферия описывает более широкий спектр происшествий, связанных с детьми, включая отравления, оставление в подъездах и обнаружение тел новорождённых в других регионах.",True,0.85,3,18,15
2024-H1,166,35,"[""кузьмин"", ""испания"", ""угнать"", ""максим"", ""вертолёт"", ""испанский"", ""военный вертолёт"", ""лётчик"", ""предатель"", ""гур украина""]",Происшествия,Криминальные инциденты,Убийства и расследования,Происшествия -> Криминальные инциденты -> Убийства и расследования,"Ядро посвящено обнаружению тела российского лётчика-перебежчика Максима Кузьминова, угнавшего военный вертолёт, в Испании.",Периферия описывает трудности перебежчика с жильем и реакцию испанских властей на его смерть и расследование.,False,1.0,27,5,3
2024-H1,167,34,"[""швеция"", ""нато"", ""вступление"", ""альянс"", ""шведский"", ""венгрия"", ""вступление нато"", ""стокгольм"", ""заявка"", ""североатлантический альянс""]",Безопасность,Международные военные союзы,Расширение и деятельность НАТО,Безопасность -> Международные военные союзы -> Расширение и деятельность НАТО,Ядро сфокусировано на завершении процесса вступления Швеции в НАТО и реакции на это.,"Периферия затрагивает вопросы, связанные с последствиями членства Швеции (размещение баз) и общие кадровые перестановки в руководстве НАТО.",False,1.0,15,16,3
2024-H1,168,34,"[""крымский мост"", ""крымский"", ""мост"", ""движение"", ""движение автотранспорт"", ""автотранспорт"", ""восстановить"", ""керчь"", ""информационный центр"", ""очередь""]",Происшествия,Транспортная инфраструктура,Обеспечение движения по крупным объектам,Происшествия -> Транспортная инфраструктура -> Обеспечение движения по крупным объектам,"Ядро посвящено временным перекрытиям и очередям на Крымском мосту, а также восстановлению движения по нему.","Периферия затрагивает восстановление движения на других участках трассы «Таврида», а также несвязанные с мостом инциденты в Москве и вопросы логистики лекарств в Крыму.",True,1.0,20,4,10
2024-H1,169,34,"[""кологривый"", ""никита кологривый"", ""актёр"", ""никита"", ""дебош"", ""слово пацан"", ""пацан"", ""укусить"", ""арест"", ""сериал слово""]",Общество,Публичные персоны и их правонарушения,Административные задержания знаменитостей,Общество -> Публичные персоны и их правонарушения -> Административные задержания знаменитостей,Ядро кластера посвящено административному аресту актера Никиты Кологривого в Новосибирске за мелкое хулиганство.,"Периферия затрагивает обжалование приговора, поддержку актера другими знаменитостями и упоминание его связи с сериалом «Слово пацана».",False,0.95,20,4,10
2024-H1,170,34,"[""избирательный"", ""бюллетень"", ""урна"", ""избирательный участок"", ""зелёнка"", ""участок"", ""коктейль"", ""избирательный комиссия"", ""бросить"", ""осуществление""]",Общество,Избирательные процессы,Акции протеста на избирательных участках,Общество -> Избирательные процессы -> Акции протеста на избирательных участках,Ядро кластера описывает случаи порчи избирательных урн и бюллетеней с использованием красящих веществ (зелёнка) или метательных снарядов (коктейль Молотова) на избирательных участках.,"Периферия включает случаи применения красящих веществ к урнам, а также инциденты, связанные с попытками поджога, которые могут быть связаны с избирательным процессом или иметь схожую криминальную природу.",False,0.8571428571428571,14,10,10
2024-H1,171,34,"[""корея"", ""кндр"", ""южный корея"", ""южный"", ""ракета"", ""южнокорейский"", ""баллистический ракета"", ""баллистический"", ""северный корея"", ""шар""]",Безопасность,Военно-техническая деятельность,Испытания ракетного вооружения и провокации,Безопасность -> Военно-техническая деятельность -> Испытания ракетного вооружения и провокации,Ядро кластера сосредоточено на ракетных запусках КНДР и отправке ею воздушных шаров с мусором в сторону Южной Кореи.,"Периферия затрагивает испытания гиперзвуковых ракет КНДР, подозрения США в разработке биологического оружия и инциденты с ракетами, замеченные Японией.",False,1.0,15,13,6
2024-H1,172,34,"[""украсть"", ""сумка"", ""кража"", ""вор"", ""мужчина"", ""уголовный"", ""уголовный дело"", ""возбудить уголовный"", ""рубль"", ""тысяча рубль""]",Происшествия,Уголовные преступления,Кражи и грабежи,Происшествия -> Уголовные преступления -> Кражи и грабежи,Ядро кластера фокусируется на задержании серийных воров-карманников и грабителей в Новосибирске за мелкие кражи.,"Периферия расширяет тему до различных видов краж, включая хищение имущества, денег из банков и мелкое воровство в заведениях.",False,1.0,4,15,15
2024-H1,173,33,"[""чибис"", ""мурманский"", ""мурманский область"", ""губернатор"", ""область андрей"", ""нападение"", ""нож"", ""андрей"", ""напасть"", ""нападать""]",Происшествия,Нападения и преступления против должностных лиц,Нападение на главу региона с применением холодного оружия,Происшествия -> Нападения и преступления против должностных лиц -> Нападение на главу региона с применением холодного оружия,Ядро описывает возбуждение уголовного дела и задержание после нападения с ножом на губернатора Мурманской области Андрея Чибиса.,"Периферия фокусируется на состоянии здоровья губернатора после нападения, его посещении семьей и действиях Росгвардии при задержании нападавшего.",False,1.0,19,10,4
2024-H1,174,33,"[""температура ночью"", ""температура"", ""ночью"", ""осадки ветер"", ""чита"", ""осадки"", ""половина"", ""ночью день"", ""максимальный температура"", ""ветер""]",Общество,Погодные условия и прогнозы,Прогнозы температуры и осадков в регионах России,Общество -> Погодные условия и прогнозы -> Прогнозы температуры и осадков в регионах России,"Ядро кластера сосредоточено на детальных прогнозах погоды в Забайкальском крае, включая ночные и дневные температуры, а также отсутствие осадков.","Периферия затрагивает как более широкие региональные прогнозы (Татарстан, июнь в Забайкалье), так и экстремальные погодные явления (сильные морозы).",False,1.0,26,4,3
2024-H1,175,33,"[""галактика"", ""звезда"", ""тёмный"", ""учёный"", ""частица"", ""обнаружить"", ""дыра"", ""скопление"", ""магнитный"", ""магнитный поле""]",Наука,Астрономия и Космос,"Исследования звёзд, галактик и тёмной материи","Наука -> Астрономия и Космос -> Исследования звёзд, галактик и тёмной материи","Ядро кластера сосредоточено на обнаружении астрономических объектов, таких как звёзды, галактики и остатки сверхновых, а также на изучении их свойств.","Периферия затрагивает темы чёрных дыр, радиации как препятствия для космических миссий и общих наблюдений за далёкими объектами.",False,1.0,7,19,7
2024-H1,176,33,"[""электроэнергия"", ""отключение"", ""энергосистема"", ""отключение свет"", ""энергетический"", ""повредить"", ""повреждение"", ""дефицит"", ""свет"", ""днепропетровский""]",Экономика,Энергетика и инфраструктура,Проблемы энергоснабжения и восстановления,Экономика -> Энергетика и инфраструктура -> Проблемы энергоснабжения и восстановления,Ядро сфокусировано на проблемах восстановления поврежденных энергообъектов на Украине и прогнозах ужесточения отключений электроэнергии.,Периферия описывает масштаб повреждений энергетических объектов в Киеве и разрушения на ДнепроГЭС.,False,1.0,19,11,3
2024-H1,177,33,"[""шойгу"", ""сергей шойгу"", ""выполнение гособоронзаказ"", ""гособоронзаказ"", ""минобороны"", ""выполнение"", ""заслушать доклад"", ""заслушать"", ""вооружение"", ""предприятие""]",Безопасность,Оборонно-промышленный комплекс,Государственный оборонный заказ и перевооружение,Безопасность -> Оборонно-промышленный комплекс -> Государственный оборонный заказ и перевооружение,Министр обороны Сергей Шойгу контролирует выполнение государственного оборонного заказа и разработку нового вооружения на оборонных предприятиях.,На международной выставке вооружений в Саудовской Аравии обсуждается интерес к российским образцам военной техники.,True,1.0,22,6,5
2024-H1,178,33,"[""одесса"", ""взрыв"", ""прогреметь"", ""одесский"", ""раздаться"", ""взрыв сообщить"", ""юг украина"", ""сообщить украинский"", ""прогреметь взрыв"", ""тревога""]",Безопасность,Чрезвычайные происшествия,Взрывы и инциденты в прифронтовой зоне,Безопасность -> Чрезвычайные происшествия -> Взрывы и инциденты в прифронтовой зоне,"В центре кластера находятся сообщения о прогремевших взрывах в Одессе, часто сопровождающиеся упоминанием воздушной тревоги.","На периферии упоминается визит иностранной делегации в Одессу и инцидент со взрывом, связанный с Зеленским.",False,1.0,31,0,2
2024-H1,179,33,"[""иск"", ""суд"", ""завод"", ""генпрокуратура"", ""челябинский"", ""акция"", ""государство"", ""удовлетворить иск"", ""арбитражный"", ""комбинат""]",Экономика,Государственное регулирование бизнеса,Передача активов в собственность государства через суд,Экономика -> Государственное регулирование бизнеса -> Передача активов в собственность государства через суд,"Ядро посвящено искам Генпрокуратуры, удовлетворенным судами, о передаче акций крупных промышленных предприятий (заводов, комбинатов) в собственность государства.","Периферия затрагивает аресты имущества по искам ФНС и изъятие акций других предприятий в пользу государства, что является схожим процессом.",False,0.9,6,13,14
2024-H1,180,33,"[""ливень"", ""затопить"", ""дубай"", ""дождь"", ""сильный ливень"", ""аэропорт дубай"", ""вода"", ""сильный"", ""сильный дождь"", ""непогода""]",Общество,Природные явления и ЧС,Сильные осадки и подтопления,Общество -> Природные явления и ЧС -> Сильные осадки и подтопления,"Ядро кластера сфокусировано на сильном ливне, который привел к затоплению аэропорта Дубая и непогоде в Москве.","Периферия описывает выход рек из берегов, талые воды и разрушительные торнадо в США.",True,1.0,8,20,5
2024-H1,181,33,"[""пермь"", ""прикамье"", ""эфир"", ""настраивать"", ""слушайте"", ""perm"", ""радио комсомольский"", ""пермский"", ""прямой эфир"", ""комсомольский правда""]",Медиа и Коммуникации,Региональное вещание и новости,Информационное освещение Пермского края,Медиа и Коммуникации -> Региональное вещание и новости -> Информационное освещение Пермского края,"Ядро сфокусировано на ежедневных новостных сводках и утренних шоу местного радио «Комсомольская правда в Перми», освещающих статистику и происшествия региона.","Периферия представляет собой еженедельные дайджесты ключевых событий Прикамья, включая инфраструктурные и социальные темы, такие как строительство крематория и паводок.",False,1.0,21,9,3
2024-H1,182,32,"[""досмотр"", ""егэ"", ""учительница"", ""экзамен"", ""скандал"", ""школа"", ""раздеваться"", ""школьница"", ""выпускница"", ""воронежский""]",Общество,Образование и социальные нормы,"Скандалы, связанные с проведением экзаменов и досмотрами","Общество -> Образование и социальные нормы -> Скандалы, связанные с проведением экзаменов и досмотрами","Ядро посвящено скандалам вокруг досмотров школьниц перед ЕГЭ в Воронеже, включая раздевание и реакцию общественности и чиновников.","Периферия затрагивает общие темы скандалов, связанных с поведением учителей (фотографии) и общими проблемами общественной безопасности и морали.",True,0.85,10,9,13
2024-H1,183,32,"[""вечерний москва"", ""вечерний"", ""москва"", ""собянин"", ""поздняков"", ""предупредить"", ""погода москва"", ""москвич"", ""уровень опасность"", ""гололедица""]",Общество,Городская среда и управление,Новости и события Москвы,Общество -> Городская среда и управление -> Новости и события Москвы,"Ядро сфокусировано на заявлениях мэра Собянина о развитии инфраструктуры Москвы, а также на предупреждениях МЧС и упоминаниях местных медиа.","Периферия затрагивает общие новости о транспорте и технологиях, но с привязкой к московским событиям (закрытие участка метро).",False,0.9,30,2,0
2024-H1,184,32,"[""пермь"", ""температура"", ""пермский край"", ""пермский"", ""край"", ""похолодание"", ""воздух"", ""ожидаться"", ""холодный"", ""снегопад""]",Общество,Погода и климат,Прогнозы и аномалии температуры в Пермском крае,Общество -> Погода и климат -> Прогнозы и аномалии температуры в Пермском крае,"В ядре обсуждаются краткосрочные прогнозы погоды в Пермском крае, включая ожидаемые снегопады и колебания температуры.","На периферии рассматриваются более широкие погодные явления, такие как весеннее половодье, рекордные осадки и холодная погода в соседних регионах.",True,1.0,28,1,3
2024-H1,185,32,"[""царьград бояться"", ""бояться говорить"", ""говорить правда"", ""бояться"", ""царьград"", ""правда"", ""говорить"", ""год царьград"", ""строка"", ""победить""]",Политика,Идеология и общественная позиция,Противостояние и отстаивание собственной правды,Политика -> Идеология и общественная позиция -> Противостояние и отстаивание собственной правды,"Ядро сфокусировано на декларации бескомпромиссной позиции медиаресурса («Царьград.ТВ») о готовности говорить правду, несмотря на страх окружающих.","Периферия затрагивает темы исторической ностальгии, критики западной цивилизации и утверждения неистребимости русского духа.",True,0.9375,18,11,3
2024-H1,186,31,"[""татарский"", ""дарья"", ""владлен"", ""военкор"", ""приговор"", ""террорист экстремист"", ""экстремист"", ""кафе"", ""теракт"", ""колония""]",Безопасность,Терроризм и экстремизм,Судебные процессы по делам о терактах,Безопасность -> Терроризм и экстремизм -> Судебные процессы по делам о терактах,"Ядро посвящено вынесению приговора Дарье Треповой за теракт, в результате которого погиб военкор Владлен Татарский.","Периферия описывает детали судебного процесса, включая доставку обвиняемой в суд и суммы компенсаций потерпевшим.",False,1.0,26,5,0
2024-H1,187,31,"[""утонуть"", ""река"", ""тело"", ""подросток"", ""трагедия"", ""вода"", ""мальчик"", ""берег"", ""купаться"", ""ребёнок""]",Общество,Чрезвычайные происшествия,Гибель людей на воде,Общество -> Чрезвычайные происшествия -> Гибель людей на воде,В ядре кластера сообщается о трагических случаях утопления детей и подростков в различных водоемах России.,"Периферия включает случаи обнаружения тел утонувших взрослых, а также другие несчастные случаи с детьми, такие как гибель от селевого потока.",True,0.92,10,15,6
2024-H1,188,31,"[""блиновский"", ""елена"", ""блогер"", ""сизый"", ""домашний арест"", ""арест"", ""домашний"", ""мера пресечение"", ""пресечение"", ""стража""]",Общество,Правонарушения и судебные процессы,Уголовные дела знаменитостей и блогеров,Общество -> Правонарушения и судебные процессы -> Уголовные дела знаменитостей и блогеров,Ядро посвящено решению суда о заключении под стражу блогера Елены Блиновской вместо домашнего ареста из-за нарушений.,"Периферия затрагивает оспаривание налоговых решений, изучение материалов дела супругами и сравнение условий содержания в СИЗО.",False,1.0,17,8,6
2024-H1,189,31,"[""брикс"", ""объединение"", ""венесуэла"", ""рябок"", ""мадурый"", ""председательство"", ""саммит"", ""страна"", ""присоединиться"", ""мид""]",Политика,Международные отношения и сотрудничество,Расширение и деятельность БРИКС,Политика -> Международные отношения и сотрудничество -> Расширение и деятельность БРИКС,"Ядро кластера фокусируется на процессе расширения объединения БРИКС, ожидании присоединения новых членов и заявлениях официальных лиц о пользе этого процесса.","Периферия затрагивает конкретные шаги отдельных стран (Таиланд) по вступлению в БРИКС, а также сопутствующие дипломатические мероприятия (встречи МИД).",False,1.0,15,8,8
2024-H1,190,31,"[""теракт крокус"", ""крокус"", ""теракт"", ""путин"", ""заказчик"", ""спецслужба"", ""крокус заявить"", ""террорист"", ""владимир путин"", ""сити холл""]",Безопасность,Терроризм и контртерроризм,Реакция высшего руководства на крупный теракт,Безопасность -> Терроризм и контртерроризм -> Реакция высшего руководства на крупный теракт,"Владимир Путин комментирует теракт в «Крокусе», заявляя, что главной целью заказчиков был урон единству России.",Дмитрий Медведев призывает к ответному террору и казням в качестве реакции на теракт в «Крокус сити холле».,True,1.0,26,4,1
2024-H1,191,31,"[""херсон"", ""подконтрольный"", ""взрыв"", ""подконтрольный киев"", ""украинский издание"", ""сообщить украинский"", ""прогреметь"", ""взрыв произойти"", ""прогреметь взрыв"", ""издание""]",Безопасность,Военные действия и инциденты,Сообщения о взрывах на подконтрольных Украине территориях,Безопасность -> Военные действия и инциденты -> Сообщения о взрывах на подконтрольных Украине территориях,"В ядре сообщается о взрывах, прогремевших в Херсоне и Запорожье, которые находятся под контролем украинских властей, со ссылкой на украинские издания.",В подконтрольном Киеву Запорожье после взрывов возникли перебои со светом и водой.,False,1.0,30,1,0
2024-H1,192,31,"[""вино"", ""пошлина"", ""коньяк"", ""литр"", ""вырасти"", ""импортный"", ""цена"", ""напиток"", ""производство"", ""повышение""]",Экономика,Регулирование цен и налогообложение,Изменения акцизов и пошлин на алкогольную продукцию,Экономика -> Регулирование цен и налогообложение -> Изменения акцизов и пошлин на алкогольную продукцию,"Ядро посвящено резкому росту цен на импортные и отечественные вина и коньяки в России, связанному с повышением акцизов.","Периферия затрагивает рост продаж коньяка, рост спроса на безалкогольное вино и новые финансовые инструменты (токены) для вина.",False,1.0,17,10,4
2024-H1,193,30,"[""народный примета"", ""примета"", ""народный"", ""кто"", ""кто ждать"", ""разбогатеть"", ""январь"", ""сулить"", ""календарь"", ""беда""]",Общество,Верования и суеверия,Народные приметы и поверья,Общество -> Верования и суеверия -> Народные приметы и поверья,"Ядро посвящено народным приметам, связанным с конкретными датами (январь) и обещанием обогащения.","Периферия содержит примеры народных примет, связанных с различными датами, защитой от бед и предсказанием судьбы.",False,1.0,1,17,12
2024-H1,194,30,"[""ракета"", ""германия"", ""крылатый ракета"", ""крылатый"", ""поставка"", ""дальнобойный"", ""немецкий"", ""шольц"", ""канцлер"", ""бундестаг""]",Безопасность,Военно-техническое сотрудничество,Поставки вооружений и техники,Безопасность -> Военно-техническое сотрудничество -> Поставки вооружений и техники,Обсуждение и принятие решений в Германии о поставках дальнобойных крылатых ракет Taurus Украине.,"Заявления немецких журналистов об опасности для украинских солдат вертолетов, которые ФРГ намерена передать.",False,1.0,26,3,1
2024-H1,195,30,"[""соболезнование"", ""теракт"", ""крокус"", ""осуждать"", ""теракт крокус"", ""сити холл"", ""крокус сити"", ""холл"", ""сити"", ""выразить соболезнование""]",Общество,Чрезвычайные происшествия,Реакция на массовые теракты,Общество -> Чрезвычайные происшествия -> Реакция на массовые теракты,"Ядро кластера сосредоточено на выражении соболезнований и осуждении теракта, произошедшего в «Крокус сити Холле».","Периферия описывает более широкий спектр реакций на теракт, включая культурные и религиозные отклики, а также дипломатическую критику.",False,1.0,21,6,3
2024-H1,196,30,"[""техас"", ""штат"", ""граница"", ""мексика"", ""мигрант"", ""заграждение"", ""проволока"", ""колючий проволока"", ""штат техас"", ""байден""]",Политика,Миграционная политика и пограничный контроль,Конфликт штата Техас и федерального правительства США по вопросам миграции,Политика -> Миграционная политика и пограничный контроль -> Конфликт штата Техас и федерального правительства США по вопросам миграции,"Власти штата Техас активно противостоят федеральной администрации Байдена, устанавливая заграждения из колючей проволоки на границе с Мексикой для сдерживания мигрантов.","На периферии обсуждаются более широкие темы, такие как сравнение ситуации в США с падением Римской империи, а также другие судебные иски против Байдена по несвязанным вопросам (СПГ).",True,1.0,16,10,4
2024-H1,197,28,"[""киви"", ""банк"", ""киви банк"", ""лицензия"", ""кошелёк"", ""страхование"", ""банковский"", ""асв"", ""вклад"", ""отозвать""]",Экономика,Финансовый сектор,Отзыв лицензий и страхование вкладов,Экономика -> Финансовый сектор -> Отзыв лицензий и страхование вкладов,Отзыв лицензии у Киви Банка и начало выплат вкладчикам через АСВ.,"АСВ начинает выплаты вкладчикам банка «Гефест», лишенного лицензии, и сообщает о выплатах вкладчикам «Киви банка» через «Уралсиб».",False,0.95,11,11,6
2024-H1,198,28,"[""воздушный тревога"", ""тревога"", ""тревога объявить"", ""воздушный"", ""весь территория"", ""территория украина"", ""объявить"", ""объявить воздушный"", ""украина объявить"", ""официальный ресурс""]",Безопасность,Военные угрозы и оповещения,Системы оповещения о воздушной опасности,Безопасность -> Военные угрозы и оповещения -> Системы оповещения о воздушной опасности,Ядро посвящено объявлению воздушной тревоги на всей территории Украины.,,False,1.0,28,0,0
2024-H1,199,28,"[""завал"", ""разбор"", ""разбор завал"", ""мчс"", ""крокус"", ""конструкция"", ""разобрать"", ""спасатель"", ""разбирать"", ""мчс россия""]",Происшествия,Ликвидация последствий ЧС,Разбор завалов после теракта/пожара,Происшествия -> Ликвидация последствий ЧС -> Разбор завалов после теракта/пожара,Спасатели МЧС завершили разбор завалов и ликвидацию последствий пожара в «Крокус Сити Холле».,Разбор завалов в «Крокусе» был временно остановлен из-за проблем с освещением.,False,1.0,23,4,1
2024-H1,200,28,"[""розыгрыш"", ""победитель"", ""билет"", ""разыгрывать"", ""бот"", ""кнопка"", ""нажать"", ""удача"", ""нажать кнопка"", ""призовой""]",Общество,Конкурсы и акции,Розыгрыши призов и билетов,Общество -> Конкурсы и акции -> Розыгрыши призов и билетов,Ядро кластера посвящено анонсам и проведению розыгрышей билетов на мероприятия (концерты) и книг среди подписчиков.,"Периферия также описывает розыгрыши билетов на кинопоказы и спектакли, а также розыгрыши книг и сертификатов.",False,1.0,4,16,8
2024-H1,201,27,"[""светофор"", ""пешеход"", ""разметка"", ""обгон"", ""ехать"", ""пешеходный"", ""пешеходный переход"", ""переходить"", ""гибдд"", ""неположенный место""]",Безопасность,Дорожное движение и правопорядок,Нарушения ПДД и безопасность пешеходов,Безопасность -> Дорожное движение и правопорядок -> Нарушения ПДД и безопасность пешеходов,"Ядро сфокусировано на статистике ДТП с участием пешеходов, переходящих дорогу в неположенном месте или в зоне видимости светофоров, а также на напоминаниях ГИБДД о соблюдении правил.","Периферия затрагивает вопросы работы светофоров при отключениях, напоминания о перевозке детей и общую статистику ДТП в Москве.",False,1.0,20,2,5
2024-H1,202,27,"[""санкция"", ""сша"", ""ввести"", ""минфин сша"", ""санкция против"", ""ввести санкция"", ""минфин"", ""санкционный"", ""список"", ""сша ввести""]",Экономика,Международные экономические ограничения,Введение и последствия санкций,Экономика -> Международные экономические ограничения -> Введение и последствия санкций,США вводят персональные и секторальные санкции против российских компаний и руководства.,Обсуждение изменения ценовых потолков на российскую нефть и возобновление ранее отмененных санкций против Венесуэлы.,False,0.96,10,12,5
2024-H1,203,27,"[""побывать"", ""описать"", ""фраза"", ""автор публикация"", ""дзен"", ""личный блог"", ""итальянец"", ""россиянка"", ""путешественник"", ""блог""]",Общество,Путешествия и туризм,Впечатления россиян и иностранцев от посещения стран,Общество -> Путешествия и туризм -> Впечатления россиян и иностранцев от посещения стран,"Российская тревел-блогерша поделилась впечатлениями от поездки в Новую Зеландию, отметив богатство русских.","Путешественники делятся личными наблюдениями и оценками о ценах, особенностях жизни и отношении местных жителей в разных странах мира.",False,1.0,1,13,13
2024-H1,204,27,"[""сервис"", ""подписка"", ""рост"", ""вырасти"", ""рынок"", ""выручка"", ""млрд"", ""яндекс"", ""музыкальный"", ""продажа""]",Экономика,Бизнес-процессы и рынки,Рост выручки и развитие сервисов,Экономика -> Бизнес-процессы и рынки -> Рост выручки и развитие сервисов,"Ядро сфокусировано на росте выручки и популярности различных сервисов и розничных форматов в России, включая онлайн-кинотеатры и универмаги.","Периферия затрагивает убытки новых магазинов одежды, рост числа зарегистрированных брендов и траты россиян на товары от простуды.",False,0.92,11,8,8
2024-H1,205,27,"[""календарь"", ""комсомолец чита"", ""московский комсомолец"", ""комсомолец"", ""чита"", ""тонкий"", ""московский"", ""фото александр"", ""фото"", ""виктория""]",Общество,СМИ и Медиа,Региональные новостные дайджесты,Общество -> СМИ и Медиа -> Региональные новостные дайджесты,"Ядро кластера составляют ежедневные новостные заметки издания «Московский комсомолец в Чите», приуроченные к календарным датам и содержащие фотоотчеты.","Периферия состоит из аналогичных ежедневных дайджестов «Московского комсомольца в Чите», приуроченных к календарным датам, но с меньшим количеством упоминаний фотографов.",False,1.0,18,5,4
2024-H1,206,27,"[""ляйена"", ""дер ляйена"", ""фон дер"", ""дер"", ""урсула"", ""урсула фон"", ""фон"", ""еврокомиссия"", ""европейский"", ""глава еврокомиссия""]",Политика,Международные отношения и институты,Деятельность и руководство Европейского союза,Политика -> Международные отношения и институты -> Деятельность и руководство Европейского союза,Ядро сфокусировано на обсуждении перспектив переизбрания Урсулы фон дер Ляйен на пост главы Еврокомиссии и мнениях ключевых политиков по этому поводу.,Периферия затрагивает заявления фон дер Ляйен о вступлении Украины в ЕС и влиянии конфликта на мировую экономику.,False,1.0,16,7,4
2024-H1,207,27,"[""карта"", ""платёжный"", ""платёжный система"", ""карта мир"", ""система мир"", ""мир"", ""система"", ""обслуживание"", ""киргизия"", ""банк""]",Экономика,Финансовые системы и операции,Ограничения и развитие российской платёжной системы «Мир»,Экономика -> Финансовые системы и операции -> Ограничения и развитие российской платёжной системы «Мир»,"Ядро посвящено проблемам с обслуживанием и потенциальным запретам российской платёжной системы «Мир» в странах ближнего зарубежья (Армения, Киргизия, Узбекистан).",Периферия затрагивает планы по внедрению системы «Мир» в Гагаузии и регистрацию нового платёжного бренда оператором «Мир».,False,1.0,20,5,2
2024-H1,208,27,"[""подтопить"", ""жилой дом"", ""участок"", ""паводок"", ""жилой"", ""самарский область"", ""вода"", ""самарский"", ""временной размещение"", ""транспортный сообщение""]",Общество,Чрезвычайные ситуации и стихийные бедствия,Паводки и подтопления,Общество -> Чрезвычайные ситуации и стихийные бедствия -> Паводки и подтопления,"В Самарской области зафиксированы подтопления низководных мостов, участков и зданий из-за паводка, власти контролируют ситуацию.","На периферии обсуждаются выходы рек из берегов в других регионах, причины затоплений (сброс воды из водохранилища) и общие рекомендации населению о действиях при угрозе подтопления.",False,1.0,18,5,4
2024-H1,209,26,"[""таиланд"", ""участник группа"", ""музыкант"", ""бортник"", ""группа"", ""егор"", ""израиль"", ""депортация"", ""пхукет"", ""реестр иноагент""]",Общество,Миграционные вопросы и статус личности,Депортация и выезд иностранных граждан,Общество -> Миграционные вопросы и статус личности -> Депортация и выезд иностранных граждан,"Солист группы «Би-2» Егор Бортник вылетел в Израиль из Таиланда, в то время как остальным участникам группы в выезде было отказано.","Развитие ситуации с музыкантами группы «Би-2» после их ареста в Таиланде, включая дипломатические усилия и получение гражданства Молдавии.",False,1.0,21,5,0
2024-H1,210,26,"[""зеленский"", ""владимир зеленский"", ""президент украина"", ""полномочие"", ""украина"", ""конституция"", ""рада"", ""верховный рада"", ""украина владимир"", ""легитимность""]",Политика,Государственное управление и власть,Политический статус и легитимность лидеров,Политика -> Государственное управление и власть -> Политический статус и легитимность лидеров,"Ядро сфокусировано на обсуждении будущего, сроков полномочий и возможной судьбы действующего президента Украины Владимира Зеленского.","Периферия затрагивает юридические аспекты, связанные с отменой выборов, а также финансовое состояние президента и отсутствие оппозиции в стране.",False,1.0,15,8,3
2024-H1,211,26,"[""поединок"", ""бой"", ""волков"", ""чемпион"", ""боксёрский"", ""бокс"", ""раунд"", ""турнир"", ""чемпион мир"", ""вес""]",Спорт,Единоборства,Профессиональный бокс и ММА,Спорт -> Единоборства -> Профессиональный бокс и ММА,Боец UFC Александр Волков прокомментировал конфликт с другим бойцом.,"Обсуждаются дебют блогера в боксе, результаты региональных поединков и опровержение слухов о смене религии спортсменом.",True,1.0,1,16,9
2024-H1,212,26,"[""конфискация имущество"", ""конфискация"", ""фейк"", ""имущество"", ""имущество фейк"", ""фейк армия"", ""против безопасность"", ""закон"", ""госдума"", ""безопасность государство""]",Политика,Законодательство и правоприменение,Конфискация имущества за распространение информации,Политика -> Законодательство и правоприменение -> Конфискация имущества за распространение информации,Ядро посвящено одобрению и подписанию закона о конфискации имущества за распространение фейков о Вооруженных силах РФ и призывы против безопасности государства.,Периферия затрагивает принятие других законов (о статусе иноагентов) и уголовное преследование за фейки об армии.,False,1.0,21,3,2
2024-H1,213,26,"[""выходной"", ""рабочий неделя"", ""рабочий"", ""неделя"", ""длинный"", ""длинный выходной"", ""выходной день"", ""майский"", ""апрель май"", ""россиянин быть""]",Общество,Трудовые отношения и отдых,Календарь выходных и праздничных дней,Общество -> Трудовые отношения и отдых -> Календарь выходных и праздничных дней,Ядро посвящено обсуждению завершения длинных майских выходных и предстоящей короткой рабочей неделе в России.,"Периферия затрагивает другие сокращенные рабочие недели, связанные с февральскими праздниками, и общие вопросы о дополнительных выходных днях.",True,1.0,12,9,5
2024-H1,214,26,"[""перевод"", ""банк"", ""клиент"", ""лимит"", ""свой счёт"", ""комиссия"", ""сбп"", ""счёт"", ""механизм"", ""банк россия""]",Экономика,Финансовые услуги и регулирование,Банковские операции и комиссии для населения,Экономика -> Финансовые услуги и регулирование -> Банковские операции и комиссии для населения,В центре внимания находится повышение лимитов на бесплатные переводы между своими счетами через СБП и потенциальное ужесточение регулирования банковской деятельности.,"Периферия затрагивает вопросы штрафов для банков за мисселинг и утечки данных, а также проблемы с невостребованными средствами клиентов в зарубежных дочерних банках.",True,1.0,9,10,7
2024-H1,215,26,"[""эксклюзивный материал"", ""ъузнать"", ""эксклюзивный"", ""коммерсантъ"", ""свежий"", ""компания"", ""номер"", ""газета"", ""материал"", ""рынок""]",Экономика,Деловые СМИ и Публикации,Обзор материалов деловой прессы,Экономика -> Деловые СМИ и Публикации -> Обзор материалов деловой прессы,"Ядро сфокусировано на эксклюзивных материалах из свежего номера газеты «Коммерсантъ», касающихся ювелирного рынка, кредитных карт и туроператоров.","Периферия затрагивает смену собственников крупных компаний (Леруа Мерлен, 2ГИС) и доминирование российского IT-гиганта (Яндекс) на рынке.",True,1.0,15,1,10
2024-H1,216,26,"[""обстановка"", ""специальный военный"", ""военный операция"", ""специальный"", ""операция"", ""военный"", ""июнь"", ""февраль"", ""апрель"", ""май""]",Безопасность,Военные операции и обстановка,Регулярные сводки о ходе боевых действий,Безопасность -> Военные операции и обстановка -> Регулярные сводки о ходе боевых действий,"Ядро документов представляет собой регулярные сводки об оперативной обстановке, связанной со специальной военной операцией, с привязкой к конкретным датам.","Периферия, вероятно, будет включать более широкий контекст или детали, связанные с ходом специальной военной операции в разные месяцы.",False,1.0,26,0,0
2024-H1,217,25,"[""vampire"", ""реактивный"", ""снаряд"", ""реактивный снаряд"", ""рсзый"", ""снаряд рсзый"", ""рсзый vampire"", ""белгородский область"", ""белгородский"", ""пво""]",Безопасность,Военные инциденты и оборона,Применение РСЗО и ПВО в приграничных зонах,Безопасность -> Военные инциденты и оборона -> Применение РСЗО и ПВО в приграничных зонах,Ядро кластера посвящено уничтожению чешских реактивных снарядов Vampire силами российской ПВО над Белгородской областью.,"Периферия, вероятно, будет касаться последствий этих обстрелов, реакции властей или других инцидентов с использованием аналогичного вооружения в том же регионе.",False,0.95,25,0,0
2024-H1,218,24,"[""истребитель"", ""пилот"", ""обучение"", ""дания"", ""украина"", ""лётчик"", ""киев"", ""самолёт"", ""аэродром"", ""бельгия""]",Безопасность,Военно-техническое сотрудничество,Поставки западной авиатехники,Безопасность -> Военно-техническое сотрудничество -> Поставки западной авиатехники,Ядро сфокусировано на передаче истребителей F-16 Украине со стороны Дании и обучении украинских пилотов.,"Периферия упоминает передачу Грецией Украине систем вооружения, отличных от авиации.",True,1.0,21,2,1
2024-H1,219,24,"[""пособие"", ""выплата"", ""маткапитал"", ""материнский капитал"", ""капитал"", ""материнский"", ""ребёнок"", ""рождение"", ""ежемесячный выплата"", ""рождение ребёнок""]",Общество,Социальная поддержка и выплаты,Государственные пособия и материнский капитал,Общество -> Социальная поддержка и выплаты -> Государственные пособия и материнский капитал,Ядро посвящено анонсам и индексации детских пособий и размера материнского капитала в России.,Периферия затрагивает условия получения материнского капитала отцом и упрощение оформления пособия на погребение.,False,1.0,11,11,2
2024-H1,220,24,"[""похожий"", ""двойник"", ""бабочка"", ""аборт"", ""рецепт"", ""способ"", ""друг"", ""внешне"", ""иллюстрация"", ""многие""]",Общество,Социальные явления и отношения,Сходство и идентификация личностей,Общество -> Социальные явления и отношения -> Сходство и идентификация личностей,"Ядро, вероятно, фокусируется на темах, связанных с внешним сходством, двойниками или сравнением людей и объектов, возможно, в контексте личных историй или советов.","Периферия затрагивает исторические события, связанные с научными или культурными назначениями, а также упоминает литературные премии и сюжеты о возрастных отношениях.",True,0.9,14,0,10
2024-H1,221,23,"[""эвакуировать"", ""эвакуация"", ""угроза взрыв"", ""записка"", ""посетитель"", ""молл"", ""угроза"", ""комплекс"", ""мфц"", ""торговый центр""]",Общество,Чрезвычайные ситуации и угрозы,Эвакуации из общественных зданий,Общество -> Чрезвычайные ситуации и угрозы -> Эвакуации из общественных зданий,"Ядро кластера посвящено инцидентам, связанным с эвакуацией посетителей из крупных общественных и коммерческих объектов (театры, ТЦ, бизнес-центры) из-за ложных или реальных угроз.","Периферия описывает эвакуации в учебных заведениях и инцидент с повреждением трубы, что расширяет тему до любых массовых эвакуаций.",False,1.0,10,11,2
2024-H1,222,23,"[""воробьёв"", ""подмосковье"", ""андрей воробьёв"", ""московский область"", ""проект"", ""андрей"", ""губернатор"", ""реализация"", ""индустриальный"", ""московский""]",Политика,Государственное управление и развитие регионов,Деятельность региональных властей и губернатора,Политика -> Государственное управление и развитие регионов -> Деятельность региональных властей и губернатора,Губернатор Московской области Андрей Воробьёв анонсирует строительство социальной и коммерческой инфраструктуры в регионе.,"Периферия затрагивает темы промышленного производства, благоустройства и социальной поддержки (устройство детей-сирот) в Московской области.",False,0.95,13,7,3
2024-H1,223,23,"[""американский оружие"", ""удар"", ""наносить удар"", ""разрешить"", ""наносить"", ""американский"", ""территория россия"", ""пентагон"", ""удар территория"", ""разрешить украина""]",Безопасность,Международные отношения и военное сотрудничество,Применение западного вооружения в конфликте,Безопасность -> Международные отношения и военное сотрудничество -> Применение западного вооружения в конфликте,"Обсуждение возможности и легитимности нанесения ударов по территории России с использованием американского оружия, поставляемого Украине.",США закупают литературу по российской военной стратегии и аналитика предсказывает неблагоприятный исход для Украины без достаточной американской помощи.,True,1.0,17,4,2
2024-H1,224,23,"[""пашинян"", ""армения"", ""ереван"", ""архиепископ"", ""никола"", ""протестовать"", ""армянский"", ""отставка"", ""пашинянин"", ""протест""]",Политика,Внутренние политические процессы,Массовые протесты и требования отставки руководства,Политика -> Внутренние политические процессы -> Массовые протесты и требования отставки руководства,"В ядре кластера обсуждаются массовые протесты в Ереване, требующие отставки премьер-министра Никола Пашиняна, в которых участвует и призывает к отставке армянский архиепископ.","Периферия затрагивает продолжение протестных акций у парламента, а также связанные с регионом инциденты, включая задержание бывшего военного и призыв расследовать инцидент с католикосом.",False,1.0,11,9,3
2024-H1,225,21,"[""сунак"", ""риш"", ""британский"", ""риш сунак"", ""выборы"", ""британия"", ""премьера"", ""сунака"", ""консерватор"", ""the""]",Политика,Внутренняя политика и управление,Деятельность глав правительств,Политика -> Внутренняя политика и управление -> Деятельность глав правительств,"Ядро кластера сфокусировано на внутренних политических инициативах и проблемах, связанных с премьер-министром Риши Сунаком в Великобритании.","Периферия затрагивает как личные аспекты жизни премьера, так и более широкие международные и внутриполитические скандалы, связанные с его окружением или страной.",False,0.95,8,8,5
2024-H1,226,21,"[""курский область"", ""курский"", ""старовойт"", ""сбить"", ""роман старовойт"", ""бпнуть самолётный"", ""украинский бпнуть"", ""область сбить"", ""беспилотник"", ""сообщить губернатор""]",Безопасность,Военные инциденты,Перехват БПЛА в приграничных регионах,Безопасность -> Военные инциденты -> Перехват БПЛА в приграничных регионах,Губернатор Курской области Роман Старовойт регулярно сообщает о перехвате украинских беспилотников средствами ПВО над регионом.,"Один из сбитых беспилотников упал вблизи Курчатовской АЭС, при этом радиационный фон остался в норме.",False,1.0,20,1,0
2024-H1,227,20,"[""пушилин"", ""авдеевка"", ""денис пушилин"", ""глава днр"", ""днр денис"", ""денис"", ""днр"", ""освобождение"", ""линия соприкосновение"", ""восстановление""]",Безопасность,Вооружённые конфликты,Последствия боевых действий и контроль территорий,Безопасность -> Вооружённые конфликты -> Последствия боевых действий и контроль территорий,Глава ДНР Денис Пушилин инспектирует освобожденную Авдеевку и сообщает о наличии мирных жителей.,"Начинается восстановление инфраструктуры и оформление документов жителями освобожденной Авдеевки, а также освещение события международными СМИ.",False,1.0,9,7,4
2024-H1,228,20,"[""арбат"", ""москва"", ""город"", ""окно"", ""москвич"", ""москва город"", ""мой"", ""нравиться"", ""архитектурный"", ""орлов""]",Общество,Городская среда и идентичность,Восприятие и оценка Москвы,Общество -> Городская среда и идентичность -> Восприятие и оценка Москвы,"Ядро кластера составляют личные мнения известных людей о Москве, её изменениях, свете и атмосфере.","Периферия затрагивает архитектурные предпочтения, специфический московский сленг и светскую жизнь.",False,1.0,8,7,5
2024-H1,229,20,"[""сырский"", ""главком"", ""александр сырский"", ""главком всу"", ""всу"", ""украинский армия"", ""армия"", ""главнокомандующий"", ""назначение"", ""всу александр""]",Безопасность,Вооружённые силы и военное руководство,Кадровые изменения в руководстве ВСУ,Безопасность -> Вооружённые силы и военное руководство -> Кадровые изменения в руководстве ВСУ,Ядро сфокусировано на назначении Александра Сырского главнокомандующим ВСУ и его первых заявлениях о переходе к обороне.,Периферия затрагивает назначение командующего Силами беспилотных систем и командующего теробороны Украины.,False,1.0,17,2,1
2024-H1,230,19,"[""аварийный"", ""жилец"", ""барак"", ""расселение"", ""расселить"", ""дом"", ""бастрыкин"", ""чита"", ""александр бастрыкин"", ""результат проверка""]",Общество,Жилищные вопросы и ЖКХ,Расселение аварийного жилья и проблемы эксплуатации,Общество -> Жилищные вопросы и ЖКХ -> Расселение аварийного жилья и проблемы эксплуатации,"Ядро кластера посвящено проблемам признания домов аварийными, задержкам и судебным разбирательствам по поводу расселения жильцов из ветхого жилья.",Периферия затрагивает споры жильцов с управляющими компаниями и вопросы законности региональных жилищных норм.,False,1.0,9,7,3
2024-H1,231,17,"[""фсб"", ""госизмена"", ""задержать"", ""уфсб"", ""фсб задержать"", ""собирать"", ""сведение"", ""шпионаж"", ""подозрение"", ""сбу""]",Безопасность,Спецслужбы и контрразведка,Дела о государственной измене и шпионаже,Безопасность -> Спецслужбы и контрразведка -> Дела о государственной измене и шпионаже,"Ядро кластера посвящено задержаниям граждан, подозреваемых в государственной измене и сотрудничестве с иностранными спецслужбами (в частности, СБУ).",Периферия описывает задержание сотрудника ФСБ по подозрению в имитации ликвидации.,True,1.0,8,8,1
2024-H1,232,17,"[""царьград бояться"", ""бояться говорить"", ""говорить правда"", ""царьград"", ""бояться"", ""головной мозг"", ""правда"", ""украинец"", ""украинский"", ""русский""]",Общество,Идеология и общественное мнение,Освещение российско-украинского противостояния в медиа,Общество -> Идеология и общественное мнение -> Освещение российско-украинского противостояния в медиа,"Ядро фокусируется на критике и высмеивании украинских нарративов и действий, часто используя уничижительные характеристики.","Периферия описывает отдельные случаи проявления русофобии/украинского национализма, а также случаи, когда украинцы выражают желание переехать в Россию или сталкиваются с проблемами из-за языка.",False,1.0,5,7,5
2024-H1,233,16,"[""квартира"", ""покупка"", ""сделка"", ""документ"", ""жильё"", ""договор"", ""арендатор"", ""юрист"", ""россиянин"", ""жилплощадь""]",Общество,Недвижимость и жильё,"Сделки, права и риски владения жилой недвижимостью","Общество -> Недвижимость и жильё -> Сделки, права и риски владения жилой недвижимостью",Ядро посвящено юридическим аспектам и проверкам документов при покупке или дарении жилой недвижимости россиянами.,"Периферия затрагивает вопросы ремонта, перепланировки, страхования частных домов и проблемы, связанные с арендаторами.",True,1.0,8,5,3
2024-H1,234,14,"[""слово пацан"", ""пацан"", ""кологривый"", ""жириновский"", ""сериал слово"", ""кровь асфальт"", ""сериал"", ""актёр"", ""пацан кровь"", ""никита кологривый""]",Культура,Кино и сериалы,Обсуждение актеров и ролей в популярных российских сериалах,Культура -> Кино и сериалы -> Обсуждение актеров и ролей в популярных российских сериалах,Ядро сфокусировано на обсуждении шансов актера Никиты Кологривого сыграть роль Владимира Жириновского на фоне его популярности после сериала «Слово пацана».,"Периферия затрагивает возобновление кастинга на роль Жириновского после скандалов с Кологривым, а также другие новости из жизни актеров сериала и шоу-бизнеса.",False,1.0,3,7,4
2024-H1,235,13,"[""ивлеева"", ""вечеринка"", ""мутабор"", ""анастасия"", ""анастасия ивлеева"", ""честь достоинство"", ""нтв"", ""голый вечеринка"", ""достоинство"", ""иск""]",Общество,Медиа и знаменитости,Скандалы и общественный резонанс,Общество -> Медиа и знаменитости -> Скандалы и общественный резонанс,Ядро сфокусировано на юридических последствиях и финансовом положении блогера Анастасии Ивлеевой после её участия в скандальной вечеринке в клубе «Мутабор».,"Периферия затрагивает удаление контента Ивлеевой, судебные иски о защите чести и достоинства других медийных лиц, а также финансовые проблемы других знаменитостей.",True,1.0,3,6,4
2024-H1,236,13,"[""свидание"", ""супруг"", ""мужчина рассказать"", ""мужчина"", ""пользователь"", ""голый"", ""браун"", ""насилие"", ""признаться"", ""комментатор""]",Общество,Межличностные отношения и секс,Личный опыт и откровенные признания в отношениях,Общество -> Межличностные отношения и секс -> Личный опыт и откровенные признания в отношениях,"Мужчины делятся личным опытом, связанным с отношениями, бывшими партнершами и пережитым насилием.","Периферия описывает необычные ситуации в браке, розыгрыши в отношениях и крайне нетрадиционные способы знакомства.",True,1.0,3,4,6
2024-H1,237,13,"[""мизулин"", ""сообщение"", ""рассылка"", ""глава лига"", ""лига безопасный"", ""безопасный интернет"", ""екатерина мизулин"", ""подросток"", ""телефон"", ""интернет""]",Общество,Информационная безопасность,Угрозы в интернете и мессенджерах,Общество -> Информационная безопасность -> Угрозы в интернете и мессенджерах,Глава «Лиги безопасного интернета» Екатерина Мизулина сообщает о рассылке угроз терактов подросткам в различных регионах России.,"Реакция общественности и официальных лиц на угрозы школам, включая скандал в родительском чате после теракта в «Крокусе».",False,1.0,11,2,0
2024-H1,238,13,"[""прокатить"", ""водитель"", ""посреди"", ""высадить"", ""пьяный"", ""капот"", ""мигрант"", ""девушка"", ""дцп"", ""подросток""]",Происшествия,Нарушения правил дорожного движения,Опасное и безрассудное вождение,Происшествия -> Нарушения правил дорожного движения -> Опасное и безрассудное вождение,"Ядро кластера посвящено случаям опасного вождения, дрифта и перевозки пассажиров в экстремальных условиях молодыми водителями.","Периферия затрагивает инциденты с водителями, связанными с неадекватным поведением (высадка ребенка с ДЦП, пьянство).",True,1.0,4,3,6
2024-H1,239,13,"[""теракт"", ""крокус"", ""игил"", ""бортник"", ""фсб"", ""радикальный"", ""террористический"", ""сити холл"", ""крокус сити"", ""теракт крокус""]",Безопасность,Терроризм и контртерроризм,Расследование крупных терактов,Безопасность -> Терроризм и контртерроризм -> Расследование крупных терактов,"Ядро сфокусировано на заявлениях российских официальных лиц (ФСБ, Симоньян) о причастности западных спецслужб и Украины к организации теракта в «Крокус Сити Холле».",Периферия продолжает тему связи террористов с украинскими националистами и попыток США снять вину с Киева.,False,1.0,11,2,0
2024-H1,240,12,"[""крокус"", ""теракт"", ""требование безопасность"", ""крокус сити"", ""сити"", ""сити холл"", ""холл"", ""теракт крокус"", ""противопожарный"", ""система пожаротушение""]",Происшествия,Массовые инциденты и ЧС,Расследование нарушений безопасности при терактах,Происшествия -> Массовые инциденты и ЧС -> Расследование нарушений безопасности при терактах,Ядро сфокусировано на расследовании нарушений требований безопасности и противопожарных норм в комплексе «Крокус Сити Холл» после теракта.,Периферия затрагивает юридические последствия для владельцев и связанные с терактом мошеннические схемы.,False,1.0,10,2,0
2024-H1,241,12,"[""спб"", ""актив"", ""биржа"", ""инвестор"", ""разблокировка"", ""обмен"", ""заблокировать"", ""бумага"", ""депозитарий"", ""рбк""]",Экономика,Финансовые рынки и операции,Санкционные ограничения и разблокировка активов,Экономика -> Финансовые рынки и операции -> Санкционные ограничения и разблокировка активов,Ядро сфокусировано на процессе обмена и возврата средств по заблокированным иностранным активам российских инвесторов.,Периферия описывает легальный вывоз физическими лицами золота для обхода пошлин.,True,1.0,8,3,1
2024-H1,242,11,"[""анастасия"", ""балерина"", ""отель"", ""мальдивы"", ""красивый"", ""отмена"", ""отдыхать"", ""слить"", ""подольский"", ""артистка""]",Культура,Шоу-бизнес и знаменитости,Скандалы и личная жизнь артистов,Культура -> Шоу-бизнес и знаменитости -> Скандалы и личная жизнь артистов,"Ядро сфокусировано на скандалах, общественной реакции и заявлениях известной российской балерины Анастасии Волочковой.","Периферия затрагивает отдых знаменитостей на Мальдивах и упоминает других артистов, не связанных напрямую с основным скандалом.",True,1.0,4,5,2
2024-H1,243,11,"[""масленица"", ""зима"", ""куйбышев"", ""площадь"", ""главный площадь"", ""сжигание"", ""празднование"", ""огненный"", ""гуляние"", ""греческий""]",Общество,Традиции и праздники,Проводы зимы и Масленица,Общество -> Традиции и праздники -> Проводы зимы и Масленица,"Ядро кластера посвящено празднованию Масленицы, прощанию с зимой и сжиганию чучела на главных площадях городов.","Периферия затрагивает локальные места проведения Масленицы (площадь Куйбышева), сопутствующие ярмарки и критику сжигания чучела.",False,1.0,3,3,5
2024-H1,244,10,"[""ёлка"", ""новогодний"", ""сдать"", ""ствол"", ""дерево"", ""демонтаж"", ""украшение"", ""взлётный"", ""конструкция"", ""декоративный""]",Общество,Быт и городская среда,Утилизация новогодних атрибутов,Общество -> Быт и городская среда -> Утилизация новогодних атрибутов,Ядро кластера посвящено проблеме утилизации непроданных или отслуживших новогодних ёлок жителями и торговцами.,"Периферия затрагивает акции по приему ёлок в обмен на бонусы (мандарины) и упоминает демонтаж главной городской ёлки, а также нерелевантное сообщение о необходимости откапывать машину.",False,0.9,6,2,2
2024-H1,245,10,"[""добрый утро"", ""температура воздух"", ""утро друг"", ""добрый"", ""предел"", ""весь отличный"", ""утро"", ""температура"", ""воздух"", ""ветер""]",Общество,Погода и климат,Ежедневные прогнозы погоды,Общество -> Погода и климат -> Ежедневные прогнозы погоды,"Ядро кластера посвящено утренним приветствиям и прогнозам погоды, включающим температуру воздуха и скорость ветра.","Периферия продолжает тему прогнозов погоды, включая температуру и погодные явления, но с акцентом на мороз или, наоборот, сильную жару.",False,1.0,8,2,0
2024-H1,246,10,"[""теннисистка"", ""open"", ""круг"", ""андреев"", ""турнир"", ""обыграть"", ""россиянка"", ""победа"", ""корт"", ""американка""]",Спорт,Профессиональный теннис,Турниры Большого шлема и WTA/ATP туры,Спорт -> Профессиональный теннис -> Турниры Большого шлема и WTA/ATP туры,"Ядро посвящено результатам российских и белорусских теннисистов (Соболенко, Блинкова, Хачанов) на турнире Australian Open.",Периферия затрагивает комментарии Джоковича о Медведеве и реакцию Калинской на поддержку болельщиков на Australian Open.,False,1.0,6,2,2
2024-H1,247,10,"[""снег"", ""берег"", ""застрять"", ""мужчина"", ""вытащить"", ""спасатель"", ""ребёнок"", ""снежный"", ""спасти"", ""пещера""]",Общество,Чрезвычайные ситуации и спасательные операции,Спасение людей в сложных природных условиях,Общество -> Чрезвычайные ситуации и спасательные операции -> Спасение людей в сложных природных условиях,"Мужчина с ребенком чуть не утонул на озере, используя катамаран.","Спасатели извлекли лесоруба, застрявшего ногой на высоком дереве.",True,1.0,1,8,1
